CODPROD;NOMEPROD;CODFORNE;UNIDADE;ALIQICMS;VALCUSTO;VALVENDA;QTDEMIN;QTDEESTQ;GRUPO;CLASSESTQ;COMISSAO;PESOBRUTO
101;PRODUTO 101;10;4;0,0;5,10;7,00;53,000;324,000;1;A;0,0000;0,430
102;PRODUTO 102;4;2;18,0;33,80;40,00;6,000;11,000;1;B;0,0000;3,200
103;PRODUTO 103;19;4;18,0;10,41;14,30;3,000;13,000;1;D;0,0000;0,405
104;PRODUTO 104;7;4;18,0;4,80;9,20;11,000;28,000;1;C;0,0000;0,000
105;PRODUTO 105;19;4;18,0;15,55;19,00;48,000;52,000;1;A;0,0000;1,000
106;PRODUTO 106;56;1;18,0;24,50;31,50;52,000;10,018;1;A;0,0000;0,000
107;PRODUTO 107;428;1;18,0;47,00;57,90;8,000;54,793;1;B;0,0000;0,000
108;PRODUTO 108;19;4;18,0;15,55;19,00;80,000;60,000;1;A;0,0000;1,000
109;PRODUTO 109;7;4;;9,30;12,50;0,000;13,000;1;A;0,0000;0,210
110;PRODUTO 110;116;1;12,0;29,50;47,00;108,000;50,428;1;A;0,0000;0,000
111;PRODUTO 111;21;4;0,0;10,50;13,80;3,000;3,000;1;C;0,0000;0,205
112;PRODUTO 112;45;1;12,0;35,60;47,00;26,000;13,848;1;A;0,0000;0,000
113;PRODUTO 113;19;4;18,0;15,20;19,50;11,000;17,000;1;D;0,0000;0,405
114;PRODUTO 114;7;1;18,0;35,00;50,00;66,000;150,605;1;B;0,0000;0,000
115;PRODUTO 115;116;1;18,0;36,00;46,00;5,000;10,218;1;B;0,0000;0,600
116;PRODUTO 116;309;1;18,0;55,96;72,80;13,000;19,886;1;B;0,0000;0,000
117;PRODUTO 117;7;1;18,0;61,00;78,00;23,000;62,045;1;A;0,0000;0,000
118;PRODUTO 118;311;4;;34,00;42,90;0,000;0,000;1;A;0,0000;2,000
119;PRODUTO 119;191;4;12,0;32,70;39,24;19,000;16,000;1;A;0,0000;1,100
120;PRODUTO 120;212;4;18,0;32,40;39,00;61,000;47,000;1;C;0,0000;1,100
121;PRODUTO 121;7;1;18,0;32,60;42,00;132,000;142,703;1;A;0,0000;0,000
122;PRODUTO 122;116;1;12,0;27,30;39,00;1.006,000;940,347;1;A;0,0000;0,000
123;PRODUTO 123;45;1;12,0;51,40;61,90;15,000;11,878;1;B;0,0000;0,000
124;PRODUTO 124;29;4;18,0;15,00;21,00;16,000;21,000;1;A;0,0000;1,820
125;PRODUTO 125;7;4;18,0;39,00;47,00;20,000;31,000;1;A;0,0000;1,810
126;PRODUTO 126;19;1;18,0;12,50;18,00;149,000;103,403;1;A;0,0000;0,000
127;PRODUTO 127;318;4;0,0;19,58;25,90;2,000;0,000;1;D;0,0000;0,150
128;PRODUTO 128;308;4;18,0;17,00;21,50;3,000;10,000;1;C;0,0000;0,300
129;PRODUTO 129;7;4;18,0;35,08;39,90;30,000;12,000;1;B;0,0000;0,000
130;PRODUTO 130;7;1;18,0;58,50;75,50;11,000;39,364;1;C;0,0000;
132;PRODUTO 132;29;2;18,0;36,00;48,00;4,000;2,000;1;A;0,0000;3,800
133;PRODUTO 133;7;4;0,0;13,60;17,90;10,000;35,000;1;C;0,0000;0,500
134;PRODUTO 134;29;4;18,0;23,00;29,50;8,000;10,000;1;B;0,0000;1,850
135;PRODUTO 135;45;2;12,0;100,70;118,90;5,000;4,000;1;A;0,0000;3,750
136;PRODUTO 136;428;1;18,0;48,00;59,90;3,000;5,989;1;B;0,0000;0,000
137;PRODUTO 137;64;6;18,0;131,95;158,34;0,000;0,000;1;C;0,0000;2,700
138;PRODUTO 138;309;4;0,0;10,40;13,50;39,000;185,000;1;A;0,0000;0,400
140;PRODUTO 140;56;1;18,0;12,10;15,43;24,000;0,040;1;A;0,0000;0,000
141;PRODUTO 141;41;1;18,0;44,00;56,90;5,000;4,380;1;D;0,0000;0,000
142;PRODUTO 142;45;4;0,0;22,50;29,00;0,000;18,000;1;B;0,0000;0,500
143;PRODUTO 143;116;1;12,0;60,00;72,00;19,000;10,703;1;A;0,0000;0,000
144;PRODUTO 144;45;4;18,0;43,00;51,00;19,000;21,000;1;B;0,0000;1,550
145;PRODUTO 145;45;4;0,0;14,00;18,30;8,000;32,000;1;B;0,0000;0,000
146;PRODUTO 146;318;1;18,0;36,50;46,90;14,000;8,363;1;A;0,0000;0,000
147;PRODUTO 147;309;4;0,0;10,75;13,90;11,000;17,000;1;C;0,0000;0,000
148;PRODUTO 148;116;1;12,0;32,00;45,00;212,000;44,311;1;A;0,0000;0,000
150;PRODUTO 150;229;1;18,0;33,50;48,00;66,000;9,590;1;A;0,0000;0,000
152;PRODUTO 152;294;1;18,0;81,00;105,00;10,000;5,370;1;B;0,0000;0,000
153;PRODUTO 153;45;1;18,0;66,00;99,00;67,000;44,082;1;B;0,0000;0,000
154;PRODUTO 154;7;4;18,0;8,20;10,80;94,000;89,000;1;B;0,0000;0,000
155;PRODUTO 155;162;1;18,0;36,00;48,00;68,000;155,000;1;B;0,0000;0,000
156;PRODUTO 156;162;1;18,0;36,00;48,00;36,000;23,000;1;B;0,0000;0,000
157;PRODUTO 157;15;1;18,0;69,00;83,00;4,000;354,240;1;A;0,0000;1,200
159;PRODUTO 159;7;1;18,0;34,00;50,00;81,000;175,249;1;A;0,0000;0,000
160;PRODUTO 160;116;1;12,0;40,00;52,00;31,000;29,861;1;A;0,0000;0,000
161;PRODUTO 161;7;1;18,0;53,00;64,00;7,000;43,550;1;A;0,0000;0,000
162;PRODUTO 162;77;1;18,0;43,90;57,00;16,000;41,913;1;A;0,0000;0,000
164;PRODUTO 164;7;1;18,0;70,00;90,00;8,000;19,553;1;B;0,0000;0,000
165;PRODUTO 165;7;1;18,0;70,00;90,00;9,000;21,051;1;B;0,0000;0,000
166;PRODUTO 166;7;1;18,0;52,00;65,00;12,000;15,210;1;B;0,0000;0,000
167;PRODUTO 167;7;1;18,0;50,00;67,00;10,000;2,384;1;B;0,0000;0,000
168;PRODUTO 168;191;6;18,0;102,00;118,00;3,000;1,000;1;A;0,0000;2,270
169;PRODUTO 169;243;1;18,0;61,00;78,00;29,000;86,857;1;A;0,0000;
170;PRODUTO 170;116;1;12,0;30,00;36,00;448,000;350,000;1;A;0,0000;0,000
171;PRODUTO 171;257;4;12,0;8,00;10,50;14,000;2,000;1;B;0,0000;0,172
172;PRODUTO 172;212;1;18,0;46,00;54,90;3,000;0,000;1;A;0,0000;0,000
173;PRODUTO 173;64;1;18,0;14,60;18,00;18,000;93,000;1;A;0,0000;1,050
174;PRODUTO 174;171;1;18,0;27,00;32,50;26,000;11,436;1;A;0,0000;0,000
175;PRODUTO 175;311;6;0,0;61,00;72,00;0,000;68,000;1;B;0,0000;3,300
176;PRODUTO 176;308;4;18,0;8,30;10,80;2,000;0,000;1;C;0,0000;0,220
177;PRODUTO 177;15;4;18,0;3,36;4,30;68,000;809,000;1;D;0,0000;0,040
178;PRODUTO 178;309;1;18,0;55,96;72,80;2,000;4,263;1;C;0,0000;0,000
179;PRODUTO 179;45;1;18,0;59,00;68,90;5,000;11,748;1;C;0,0000;0,000
180;PRODUTO 180;7;1;18,0;49,00;60,00;15,000;54,768;1;A;0,0000;0,000
181;PRODUTO 181;257;1;18,0;43,00;55,00;42,000;39,873;1;B;0,0000;0,000
182;PRODUTO 182;308;4;;2,30;3,10;192,000;200,000;1;B;0,0000;0,150
183;PRODUTO 183;4;4;18,0;15,71;19,90;5,000;17,000;1;D;0,0000;0,900
184;PRODUTO 184;318;4;18,0;6,25;8,10;6,000;13,000;1;D;0,0000;0,200
185;PRODUTO 185;84;1;18,0;145,00;178,50;0,000;1,876;1;C;;0,000
186;PRODUTO 186;7;4;0,0;15,00;18,30;5,000;2,000;1;B;0,0000;0,450
187;PRODUTO 187;398;1;12,0;48,70;63,30;2,000;0,000;1;A;0,0000;0,000
188;PRODUTO 188;428;4;18,0;16,20;21,10;17,000;12,000;1;D;0,0000;0,200
189;PRODUTO 189;308;4;0,0;19,23;24,90;9,000;17,000;1;C;0,0000;0,250
190;PRODUTO 190;257;4;12,0;6,60;11,50;10,000;18,000;1;B;0,0000;0,120
191;PRODUTO 191;64;3;18,0;13,00;16,30;6,000;39,000;1;B;0,0000;1,100
192;PRODUTO 192;421;1;12,0;40,37;48,90;0,000;13,660;1;C;0,0000;0,000
193;PRODUTO 193;64;3;18,0;12,90;14,90;145,000;230,000;1;B;0,0000;1,050
194;PRODUTO 194;257;1;12,0;53,00;65,00;39,000;40,296;1;A;0,0000;0,000
196;PRODUTO 196;41;1;18,0;28,00;32,00;54,000;24,817;1;A;0,0000;0,000
197;PRODUTO 197;318;6;18,0;53,50;69,50;2,000;32,000;1;C;0,0000;1,650
198;PRODUTO 198;308;4;18,0;9,90;12,50;53,000;33,000;1;A;0,0000;1,100
200;PRODUTO 200;309;4;18,0;10,90;14,20;7,000;11,000;1;C;0,0000;0,320
201;PRODUTO 201;48;4;0,0;30,25;39,50;4,000;13,000;5;D;0,0000;0,500
202;PRODUTO 202;4;1;0,0;15,90;17,90;10,000;0,000;2;C;0,0000;5,100
203;PRODUTO 203;10;1;0,0;15,80;21,00;18,000;28,980;2;A;0,0000;0,000
204;PRODUTO 204;10;1;0,0;13,90;17,00;8,000;14,935;2;A;0,0000;0,000
205;PRODUTO 205;311;1;0,0;21,55;30,00;27,000;48,542;2;A;0,0000;0,000
206;PRODUTO 206;318;4;18,0;14,50;19,00;2,000;7,000;1;C;0,0000;0,140
207;PRODUTO 207;311;4;0,0;18,51;21,90;9,000;0,000;2;C;0,0000;2,600
208;PRODUTO 208;47;4;0,0;15,33;19,90;3,000;0,000;2;C;0,0000;2,600
211;PRODUTO 211;416;4;18,0;13,43;17,30;2,000;0,000;2;D;0,0000;0,330
212;PRODUTO 212;311;1;0,0;82,00;102,50;2,000;4,254;-1;D;0,0000;0,000
213;PRODUTO 213;311;1;0,0;19,20;27,90;47,000;38,040;2;C;0,0000;0,000
215;PRODUTO 215;10;1;0,0;20,30;28,00;9,000;3,810;2;A;0,0000;0,000
216;PRODUTO 216;10;4;18,0;17,05;21,90;8,000;12,000;5;D;0,0000;1,000
217;PRODUTO 217;4;1;0,0;25,00;32,00;49,000;86,348;2;A;0,0000;0,000
218;PRODUTO 218;318;4;0,0;19,58;25,90;3,000;1,000;1;D;0,0000;0,150
219;PRODUTO 219;311;1;0,0;21,50;30,00;8,000;1,104;2;A;0,0000;0,000
220;PRODUTO 220;10;1;0,0;18,70;25,20;16,000;20,000;2;A;0,0000;5,000
221;PRODUTO 221;10;1;0,0;31,50;45,00;9,000;12,262;2;B;0,0000;0,000
222;PRODUTO 222;311;4;0,0;16,00;18,50;19,000;10,000;2;C;0,0000;5,050
223;PRODUTO 223;416;4;18,0;12,60;15,90;3,000;0,000;2;D;0,0000;0,310
224;PRODUTO 224;311;1;0,0;20,70;28,00;32,000;77,500;2;B;0,0000;0,000
225;PRODUTO 225;7;4;18,0;2,15;3,20;2,000;71,000;1;C;0,0000;0,040
227;PRODUTO 227;10;1;0,0;16,50;18,00;5,000;0,000;2;A;0,0000;0,000
228;PRODUTO 228;309;4;0,0;10,06;11,90;3,000;1,000;1;C;0,0000;0,200
230;PRODUTO 230;4;1;0,0;23,00;32,00;19,000;56,353;2;A;0,0000;0,000
232;PRODUTO 232;10;1;0,0;20,90;29,00;19,000;20,000;2;A;0,0000;5,100
233;PRODUTO 233;4;1;0,0;43,00;51,90;13,000;0,000;2;C;0,0000;0,000
234;PRODUTO 234;311;4;0,0;16,69;21,50;0,000;0,000;2;C;0,0000;0,330
237;PRODUTO 237;311;1;0,0;65,00;90,50;0,000;0,960;2;A;0,0000;0,000
240;PRODUTO 240;311;1;0,0;9,07;12,60;0,000;0,000;2;D;0,0000;3,100
242;PRODUTO 242;16;1;;17,08;25,90;0,000;24,457;2;C;0,0000;
243;PRODUTO 243;99;1;0,0;55,00;69,00;3,000;16,000;2;B;;1,050
244;PRODUTO 244;311;1;0,0;34,06;39,90;2,000;0,000;2;C;0,0000;
245;PRODUTO 245;4;4;0,0;9,00;11,50;7,000;7,000;2;B;0,0000;0,510
246;PRODUTO 246;99;1;0,0;95,00;120,90;2,000;2,845;-1;C;0,0000;0,015
247;PRODUTO 247;4;1;0,0;19,54;26,50;3,000;0,000;2;C;0,0000;0,000
249;PRODUTO 249;416;4;18,0;13,50;17,50;3,000;0,000;2;D;;0,310
250;PRODUTO 250;10;1;0,0;60,00;80,00;14,000;18,219;2;B;0,0000;0,000
251;PRODUTO 251;99;1;0,0;26,40;35,50;3,000;3,730;2;C;0,0000;0,000
252;PRODUTO 252;4;1;0,0;89,00;105,00;5,000;17,269;2;B;0,0000;0,000
253;PRODUTO 253;10;1;18,0;68,05;92,00;9,000;18,417;2;B;0,0000;0,000
254;PRODUTO 254;4;1;0,0;89,00;110,00;9,000;17,014;2;B;0,0000;0,000
255;PRODUTO 255;4;4;18,0;15,02;19,90;4,000;0,000;5;C;0,0000;0,360
256;PRODUTO 256;4;4;18,0;5,73;7,50;2,000;0,000;7;C;0,0000;0,150
257;PRODUTO 257;311;4;18,0;27,88;39,90;2,000;20,000;5;C;0,0000;0,400
258;PRODUTO 258;146;1;0,0;160,00;189,90;3,000;0,000;2;D;0,0000;0,000
259;PRODUTO 259;60;4;18,0;45,22;53,00;2,000;12,000;7;C;0,0000;1,000
260;PRODUTO 260;10;1;0,0;24,65;29,60;3,000;10,000;2;A;0,0000;0,000
261;PRODUTO 261;53;4;18,0;11,80;16,50;6,000;2,000;5;C;0,0000;0,410
262;PRODUTO 262;53;4;18,0;14,81;19,50;2,000;1,000;5;C;0,0000;0,410
263;PRODUTO 263;99;1;0,0;53,10;65,00;3,000;9,224;2;C;0,0000;0,000
264;PRODUTO 264;99;1;18,0;58,00;69,20;3,000;4,642;2;C;0,0000;0,000
265;PRODUTO 265;53;4;0,0;12,20;15,90;4,000;26,000;5;C;0,0000;0,550
267;PRODUTO 267;64;4;18,0;25,80;36,00;122,000;147,000;1;B;0,0000;1,020
272;PRODUTO 272;99;1;0,0;38,00;51,00;14,000;80,637;2;B;0,0000;0,000
275;PRODUTO 275;311;4;;44,42;52,90;3,000;5,000;5;A;0,0000;0,510
277;PRODUTO 277;311;1;0,0;23,06;28,50;9,000;32,500;2;B;0,0000;2,600
281;PRODUTO 281;146;4;0,0;6,12;7,99;13,000;63,000;7;D;0,0000;0,350
283;PRODUTO 283;10;6;0,0;49,00;62,00;2,000;1,000;2;B;0,0000;3,220
290;PRODUTO 290;311;1;18,0;22,00;35,00;36,000;115,266;2;A;0,0000;0,000
291;PRODUTO 291;10;4;18,0;12,00;15,90;5,000;28,000;2;B;0,0000;1,000
292;PRODUTO 292;10;4;0,0;2,50;3,60;32,000;224,000;1;B;0,0000;0,220
293;PRODUTO 293;10;4;18,0;11,61;15,00;9,000;3,000;2;B;0,0000;0,200
294;PRODUTO 294;4;1;0,0;37,00;52,00;6,000;25,389;2;A;0,0000;0,000
298;PRODUTO 298;311;1;18,0;27,00;40,00;11,000;39,557;2;A;0,0000;0,000
299;PRODUTO 299;4;1;0,0;36,00;55,00;46,000;85,532;2;B;0,0000;0,000
300;PRODUTO 300;268;4;;5,30;6,60;62,000;129,000;11;B;0,0000;0,550
301;PRODUTO 301;321;4;18,0;53,00;65,00;6,000;27,000;11;A;0,0000;5,200
302;PRODUTO 302;294;2;18,0;38,00;45,00;6,000;18,000;7;C;0,0000;
303;PRODUTO 303;146;4;18,0;28,00;35,50;2,000;30,000;11;D;0,0000;0,400
304;PRODUTO 304;294;1;18,0;23,00;33,50;5,000;32,172;11;D;0,0000;0,000
305;PRODUTO 305;418;6;18,0;15,90;19,50;10,000;137,000;4;B;0,0000;2,400
306;PRODUTO 306;24;4;18,0;9,00;12,00;6,000;31,000;7;C;0,0000;0,500
307;PRODUTO 307;294;4;18,0;39,40;54,00;12,000;26,000;11;B;0,0000;3,500
308;PRODUTO 308;146;4;18,0;22,23;28,50;4,000;2,000;11;C;0,0000;0,650
309;PRODUTO 309;293;4;18,0;17,00;20,00;5,000;5,000;4;C;0,0000;2,380
310;PRODUTO 310;294;1;18,0;11,20;18,00;17,000;203,060;11;A;0,0000;0,000
311;PRODUTO 311;53;4;18,0;11,81;16,50;3,000;2,000;11;A;0,0000;0,420
312;PRODUTO 312;294;1;18,0;22,50;35,00;6,000;77,946;7;A;0,0000;0,000
313;PRODUTO 313;294;1;18,0;20,00;35,00;36,000;36,796;11;A;0,0000;0,000
314;PRODUTO 314;277;4;18,0;53,00;65,00;36,000;57,000;11;B;0,0000;5,500
315;PRODUTO 315;294;1;18,0;20,00;41,50;10,000;51,726;10;B;0,0000;0,000
316;PRODUTO 316;294;1;18,0;13,50;25,50;22,000;63,979;10;B;0,0000;0,000
317;PRODUTO 317;356;4;0,0;1,85;2,50;26,000;67,000;7;A;0,0000;0,800
318;PRODUTO 318;277;4;18,0;24,70;32,90;10,000;60,000;11;B;0,0000;0,600
319;PRODUTO 319;294;2;18,0;38,00;46,00;11,000;16,000;11;B;0,0000;3,600
320;PRODUTO 320;356;4;;65,00;76,00;0,000;0,000;8;C;0,0000;10,600
321;PRODUTO 321;51;4;0,0;12,40;16,20;2,000;21,000;8;B;0,0000;1,050
322;PRODUTO 322;311;4;18,0;14,18;16,30;11,000;5,000;7;C;0,0000;1,050
323;PRODUTO 323;51;4;;2,60;3,40;0,000;24,000;7;C;0,0000;0,180
324;PRODUTO 324;14;1;18,0;65,00;78,00;0,000;0,596;7;C;0,0000;0,000
325;PRODUTO 325;294;1;18,0;50,00;75,90;10,000;88,251;10;B;0,0000;0,000
326;PRODUTO 326;294;1;18,0;9,00;15,00;2,000;23,668;10;B;0,0000;0,000
327;PRODUTO 327;37;1;18,0;11,60;14,00;77,000;81,000;7;B;0,0000;1,050
328;PRODUTO 328;294;4;18,0;42,80;58,00;10,000;31,000;11;B;0,0000;3,450
329;PRODUTO 329;199;4;12,0;25,95;30,00;2,000;10,000;7;C;0,0000;0,000
330;PRODUTO 330;146;3;0,0;12,53;14,50;6,000;81,000;8;B;0,0000;0,950
332;PRODUTO 332;46;1;12,0;12,00;16,90;6,000;35,889;8;B;0,0000;0,500
333;PRODUTO 333;51;4;0,0;5,40;7,50;17,000;151,000;8;B;0,0000;1,000
334;PRODUTO 334;24;4;18,0;9,30;11,00;3,000;45,000;7;B;0,0000;0,550
335;PRODUTO 335;311;4;18,0;11,27;13,20;6,000;0,000;7;C;0,0000;1,050
336;PRODUTO 336;243;4;0,0;50,00;61,90;2,000;6,000;11;D;0,0000;0,300
337;PRODUTO 337;294;1;18,0;15,00;22,90;4,000;5,378;7;C;0,0000;0,000
338;PRODUTO 338;247;4;0,0;30,20;38,00;0,000;52,000;7;B;0,0000;1,100
339;PRODUTO 339;24;4;18,0;15,00;19,00;7,000;46,000;7;B;0,0000;3,450
340;PRODUTO 340;24;4;18,0;17,00;20,00;2,000;57,000;7;B;0,0000;3,700
341;PRODUTO 341;51;4;18,0;22,00;26,00;14,000;34,000;7;B;0,0000;3,650
342;PRODUTO 342;24;3;18,0;5,20;6,50;2,000;28,000;7;B;0,0000;1,020
343;PRODUTO 343;294;4;18,0;41,00;58,00;7,000;26,000;11;A;0,0000;3,450
344;PRODUTO 344;354;4;0,0;24,77;31,00;2,000;12,000;11;C;0,0000;0,000
345;PRODUTO 345;50;4;0,0;9,00;13,00;6,000;87,000;7;C;0,0000;0,280
346;PRODUTO 346;243;4;18,0;11,00;13,50;17,000;93,000;7;B;0,0000;0,690
347;PRODUTO 347;354;4;0,0;23,50;29,90;3,000;0,000;11;C;0,0000;0,000
348;PRODUTO 348;294;1;18,0;57,50;69,00;5,000;2,570;10;B;0,0000;0,000
350;PRODUTO 350;294;1;18,0;42,00;68,00;2,000;27,480;10;A;0,0000;0,000
351;PRODUTO 351;24;3;0,0;6,60;7,50;2,000;23,000;7;B;0,0000;1,000
352;PRODUTO 352;51;4;18,0;20,00;25,00;17,000;36,000;7;B;0,0000;3,500
353;PRODUTO 353;51;4;0,0;5,00;6,50;0,000;1,000;7;C;0,0000;0,230
356;PRODUTO 356;268;4;0,0;5,40;6,20;24,000;666,000;11;B;2,0000;0,870
357;PRODUTO 357;268;4;18,0;37,00;45,00;19,000;68,000;11;B;2,0000;5,000
358;PRODUTO 358;294;1;18,0;40,00;62,00;5,000;27,922;10;B;0,0000;0,000
359;PRODUTO 359;294;1;18,0;39,00;60,00;15,000;57,819;10;B;0,0000;0,000
360;PRODUTO 360;24;1;18,0;8,00;10,00;6,000;64,000;7;B;0,0000;1,050
361;PRODUTO 361;199;4;12,0;17,30;19,50;2,000;32,000;7;A;0,0000;3,500
362;PRODUTO 362;294;1;18,0;27,00;55,50;26,000;71,791;10;A;0,0000;0,000
363;PRODUTO 363;24;4;0,0;1,65;2,50;2,000;15,000;7;C;0,0000;0,300
364;PRODUTO 364;199;4;12,0;26,00;31,50;39,000;57,000;7;A;0,0000;3,500
365;PRODUTO 365;51;3;18,0;4,80;6,00;11,000;90,000;7;B;0,0000;1,000
366;PRODUTO 366;24;3;18,0;23,33;26,80;3,000;8,000;11;B;0,0000;1,000
367;PRODUTO 367;24;4;0,0;2,11;3,00;2,000;2,000;7;B;0,0000;0,300
368;PRODUTO 368;24;4;18,0;5,20;7,00;3,000;36,000;7;B;0,0000;1,000
369;PRODUTO 369;247;1;;32,00;43,00;2,000;68,000;7;B;0,0000;1,000
370;PRODUTO 370;294;4;18,0;14,90;20,40;13,000;116,000;7;B;0,0000;0,150
371;PRODUTO 371;268;2;18,0;150,33;178,00;11,000;34,000;7;B;0,0000;15,500
372;PRODUTO 372;294;1;18,0;23,50;43,50;2,000;27,472;10;B;0,0000;0,000
373;PRODUTO 373;24;4;0,0;2,55;3,20;2,000;0,000;7;B;0,0000;0,300
374;PRODUTO 374;24;3;18,0;5,40;8,00;17,000;170,000;7;B;0,0000;1,000
375;PRODUTO 375;294;4;18,0;67,00;79,00;7,000;28,000;7;B;0,0000;2,900
376;PRODUTO 376;199;4;12,0;26,00;30,90;30,000;21,000;7;A;0,0000;5,000
377;PRODUTO 377;24;3;18,0;4,86;6,70;0,000;10,000;7;B;0,0000;1,000
378;PRODUTO 378;64;4;18,0;24,00;29,00;23,000;34,000;7;A;0,0000;3,100
379;PRODUTO 379;60;4;18,0;9,90;13,00;5,000;31,000;7;A;0,0000;6,000
380;PRODUTO 380;416;4;0,0;7,60;9,90;3,000;7,000;7;B;0,0000;0,250
382;PRODUTO 382;294;4;18,0;43,40;60,00;6,000;15,000;11;B;0,0000;3,000
385;PRODUTO 385;99;1;0,0;40,00;47,90;0,000;0,000;2;D;0,0000;0,000
386;PRODUTO 386;115;4;18,0;77,00;95,50;2,000;12,000;1;B;0,0000;5,350
387;PRODUTO 387;51;4;18,0;29,70;37,00;3,000;16,000;7;A;0,0000;3,900
388;PRODUTO 388;64;1;18,0;8,00;10,00;18,000;34,000;7;B;0,0000;0,000
389;PRODUTO 389;294;2;18,0;60,00;72,90;8,000;33,000;7;B;0,0000;2,200
391;PRODUTO 391;199;3;0,0;3,00;3,50;68,000;211,000;7;A;0,0000;0,350
392;PRODUTO 392;37;6;18,0;45,69;55,90;3,000;16,000;7;C;0,0000;2,310
393;PRODUTO 393;294;4;0,0;8,30;10,50;5,000;31,000;7;C;0,0000;0,150
394;PRODUTO 394;294;4;18,0;49,00;64,00;4,000;13,000;7;C;0,0000;1,990
396;PRODUTO 396;199;4;12,0;10,80;12,50;48,000;56,000;7;A;0,0000;2,050
397;PRODUTO 397;387;4;0,0;22,50;26,90;3,000;8,000;7;D;0,0000;1,000
399;PRODUTO 399;401;4;0,0;30,00;36,90;0,000;16,000;7;C;0,0000;0,200
401;PRODUTO 401;199;3;0,0;2,52;3,00;9,000;559,000;7;A;0,0000;0,350
402;PRODUTO 402;294;1;18,0;12,60;19,50;47,000;128,180;7;B;0,0000;0,000
403;PRODUTO 403;37;4;18,0;3,80;4,90;7,000;16,000;7;C;0,0000;0,024
404;PRODUTO 404;37;4;18,0;4,72;6,30;2,000;1,000;7;D;0,0000;0,165
405;PRODUTO 405;294;1;18,0;45,90;65,00;14,000;27,108;10;C;0,0000;0,000
406;PRODUTO 406;46;4;0,0;8,05;14,90;2,000;18,000;7;C;0,0000;0,000
407;PRODUTO 407;37;1;18,0;9,00;11,00;18,000;56,000;7;C;0,0000;1,100
408;PRODUTO 408;332;4;0,0;5,40;7,10;3,000;20,000;5;C;0,0000;0,300
409;PRODUTO 409;294;1;;6,70;8,50;6,000;15,581;7;C;0,0000;
410;PRODUTO 410;37;1;18,0;9,00;11,00;8,000;44,000;7;B;0,0000;1,050
411;PRODUTO 411;37;1;18,0;9,00;11,00;22,000;30,000;7;B;0,0000;1,050
412;PRODUTO 412;37;1;18,0;8,00;11,00;16,000;51,000;7;A;0,0000;1,050
414;PRODUTO 414;37;1;18,0;12,00;13,90;3,000;9,000;7;A;0,0000;1,000
415;PRODUTO 415;72;1;18,0;14,60;17,00;2,000;28,000;7;B;0,0000;1,050
416;PRODUTO 416;72;1;18,0;14,60;17,00;8,000;25,000;7;B;0,0000;1,310
417;PRODUTO 417;294;1;0,0;8,80;10,90;7,000;16,470;7;C;0,0000;0,000
418;PRODUTO 418;37;1;18,0;7,30;9,00;28,000;75,000;7;B;0,0000;1,050
419;PRODUTO 419;294;4;18,0;4,00;5,90;0,000;8,000;7;C;0,0000;0,110
420;PRODUTO 420;294;2;18,0;40,00;50,00;6,000;22,000;11;B;0,0000;3,500
421;PRODUTO 421;294;4;18,0;1,00;2,00;0,000;3,000;7;C;0,0000;0,010
422;PRODUTO 422;37;4;0,0;11,40;15,90;4,000;4,000;7;C;0,0000;0,520
423;PRODUTO 423;294;1;18,0;38,00;48,00;2,000;31,032;10;D;0,0000;0,000
424;PRODUTO 424;294;1;18,0;18,00;25,00;4,000;9,762;10;C;0,0000;0,000
425;PRODUTO 425;4;4;18,0;163,00;190,00;3,000;5,000;1;C;0,0000;18,000
426;PRODUTO 426;294;1;;26,00;51,90;0,000;6,900;10;C;0,0000;0,000
427;PRODUTO 427;294;1;18,0;6,70;11,50;5,000;48,098;10;C;0,0000;0,000
428;PRODUTO 428;294;1;18,0;26,00;45,00;3,000;25,048;10;D;0,0000;0,000
429;PRODUTO 429;294;1;18,0;18,00;25,00;0,000;31,554;7;C;0,0000;0,000
430;PRODUTO 430;294;1;18,0;25,20;49,00;0,000;8,412;10;C;0,0000;0,000
432;PRODUTO 432;356;4;18,0;14,00;18,90;2,000;36,000;7;B;0,0000;1,100
433;PRODUTO 433;243;4;18,0;19,70;23,50;15,000;131,000;7;C;0,0000;0,000
434;PRODUTO 434;294;1;18,0;30,00;45,00;0,000;7,441;10;D;0,0000;0,000
435;PRODUTO 435;168;4;18,0;29,00;38,00;19,000;13,000;7;A;0,0000;2,500
436;PRODUTO 436;249;4;0,0;36,33;47,30;10,000;25,000;7;C;0,0000;4,100
438;PRODUTO 438;294;1;18,0;6,10;11,00;3,000;58,095;10;C;0,0000;0,000
439;PRODUTO 439;294;1;18,0;15,00;29,00;5,000;24,068;10;C;0,0000;0,000
440;PRODUTO 440;168;2;0,0;24,50;32,00;26,000;43,000;7;B;0,0000;2,300
441;PRODUTO 441;168;2;0,0;8,00;11,50;9,000;25,000;7;C;0,0000;0,300
442;PRODUTO 442;168;2;0,0;23,00;30,00;26,000;24,000;7;B;0,0000;2,300
443;PRODUTO 443;37;4;18,0;41,00;49,00;8,000;37,000;7;B;0,0000;1,100
444;PRODUTO 444;311;4;0,0;13,76;16,90;2,000;26,000;5;D;0,0000;1,070
445;PRODUTO 445;140;4;18,0;17,00;23,00;12,000;28,978;7;A;0,0000;1,000
446;PRODUTO 446;249;4;0,0;11,50;15,20;192,000;119,000;7;A;0,0000;0,900
447;PRODUTO 447;294;1;18,0;31,10;45,50;2,000;8,794;7;C;0,0000;0,000
448;PRODUTO 448;284;4;0,0;8,30;10,80;7,000;0,000;7;C;0,0000;0,580
449;PRODUTO 449;256;4;0,0;8,60;12,00;5,000;59,000;7;C;0,0000;0,900
451;PRODUTO 451;249;4;;9,60;10,90;5,000;13,000;7;A;0,0000;0,850
452;PRODUTO 452;249;4;0,0;8,60;10,50;14,000;286,000;7;A;0,0000;0,850
453;PRODUTO 453;249;4;0,0;34,20;44,50;17,000;96,000;7;A;0,0000;4,300
454;PRODUTO 454;256;4;0,0;9,60;10,90;3,000;29,000;7;C;0,0000;0,900
455;PRODUTO 455;87;4;18,0;23,50;28,90;5,000;33,000;7;B;0,0000;0,900
456;PRODUTO 456;249;4;0,0;36,20;47,00;12,000;102,000;7;A;0,0000;4,100
457;PRODUTO 457;354;4;0,0;16,00;20,90;4,000;25,000;7;C;0,0000;0,000
459;PRODUTO 459;294;1;18,0;70,00;95,00;3,000;16,434;10;C;0,0000;
460;PRODUTO 460;72;2;18,0;46,00;54,00;9,000;13,000;7;B;0,0000;3,150
461;PRODUTO 461;37;1;18,0;18,25;23,00;4,000;29,000;7;B;0,0000;1,050
462;PRODUTO 462;293;4;0,0;5,86;8,00;3,000;50,000;7;D;0,0000;0,000
463;PRODUTO 463;37;4;0,0;22,80;27,50;10,000;34,000;7;C;0,0000;0,000
464;PRODUTO 464;24;4;0,0;2,05;2,55;0,000;44,000;7;B;0,0000;0,300
465;PRODUTO 465;249;4;0,0;57,80;75,00;9,000;96,000;7;B;0,0000;4,300
466;PRODUTO 466;51;4;18,0;8,65;10,50;2,000;24,000;7;C;0,0000;0,000
467;PRODUTO 467;387;4;0,0;12,30;17,20;18,000;106,000;7;C;0,0000;0,100
468;PRODUTO 468;247;1;;33,50;45,00;4,000;84,000;7;B;0,0000;1,000
469;PRODUTO 469;294;1;18,0;50,00;70,00;2,000;24,378;10;B;0,0000;0,000
470;PRODUTO 470;294;1;18,0;40,00;65,00;2,000;31,690;10;C;0,0000;0,000
471;PRODUTO 471;60;4;0,0;22,00;25,90;14,000;159,000;8;C;0,0000;0,220
472;PRODUTO 472;294;1;;56,00;79,90;0,000;3,428;7;C;0,0000;0,000
473;PRODUTO 473;294;1;18,0;28,50;37,90;0,000;6,996;10;C;0,0000;
474;PRODUTO 474;37;4;18,0;19,85;26,90;3,000;32,000;7;C;0,0000;0,510
475;PRODUTO 475;293;4;0,0;5,86;8,00;3,000;58,000;7;D;0,0000;0,000
476;PRODUTO 476;87;4;;7,00;8,50;2,000;107,000;7;B;0,0000;0,200
477;PRODUTO 477;87;4;0,0;7,70;9,50;17,000;149,000;7;B;0,0000;0,200
478;PRODUTO 478;294;1;18,0;69,00;90,00;14,000;54,087;10;B;0,0000;0,000
479;PRODUTO 479;294;1;18,0;41,00;75,00;5,000;51,909;10;B;0,0000;0,000
480;PRODUTO 480;294;2;18,0;27,00;43,00;2,000;20,000;7;B;0,0000;2,900
481;PRODUTO 481;294;4;18,0;64,50;80,00;0,000;36,000;7;B;0,0000;3,600
482;PRODUTO 482;356;4;12,0;3,50;5,00;25,000;88,000;7;B;0,0000;0,700
483;PRODUTO 483;294;1;18,0;17,00;30,00;15,000;49,881;10;B;0,0000;0,000
484;PRODUTO 484;294;1;18,0;35,00;60,00;4,000;77,466;10;B;0,0000;0,000
485;PRODUTO 485;294;1;18,0;40,00;70,00;8,000;18,414;10;B;0,0000;0,000
486;PRODUTO 486;294;1;18,0;15,00;22,00;6,000;48,042;10;C;0,0000;5,000
487;PRODUTO 487;268;4;18,0;8,60;12,00;21,000;215,000;7;C;0,0000;0,000
488;PRODUTO 488;293;4;18,0;14,15;16,50;6,000;37,000;7;C;0,0000;1,000
489;PRODUTO 489;294;1;18,0;40,00;59,90;2,000;22,042;10;C;0,0000;0,000
490;PRODUTO 490;294;1;0,0;11,20;28,00;5,000;59,224;10;B;0,0000;0,000
491;PRODUTO 491;294;2;18,0;27,00;35,90;4,000;21,000;7;B;0,0000;2,900
493;PRODUTO 493;294;2;18,0;26,00;33,60;3,000;25,000;7;B;0,0000;2,800
495;PRODUTO 495;247;1;0,0;38,50;47,50;0,000;13,000;7;C;0,0000;1,100
496;PRODUTO 496;294;4;18,0;12,00;17,90;6,000;50,000;7;D;0,0000;0,405
497;PRODUTO 497;294;1;18,0;34,00;55,00;16,000;76,026;10;B;0,0000;0,000
498;PRODUTO 498;294;1;18,0;17,00;35,00;5,000;17,462;10;B;0,0000;0,000
499;PRODUTO 499;294;1;18,0;6,30;11,50;31,000;133,358;10;B;0,0000;0,000
500;PRODUTO 500;283;1;18,0;29,50;39,50;68,000;120,000;3;A;0,0000;0,000
502;PRODUTO 502;283;4;18,0;17,30;20,90;13,000;88,000;3;B;0,0000;0,550
503;PRODUTO 503;283;1;18,0;32,90;45,00;99,000;135,000;3;A;0,0000;5,100
505;PRODUTO 505;3;1;18,0;18,00;21,00;233,000;384,064;3;B;0,0000;0,000
507;PRODUTO 507;3;1;18,0;18,00;22,50;80,000;111,353;3;A;0,0000;0,000
508;PRODUTO 508;3;1;18,0;8,00;12,50;41,000;64,056;3;A;0,0000;0,000
509;PRODUTO 509;3;1;18,0;7,00;14,00;77,000;103,419;3;A;0,0000;0,000
510;PRODUTO 510;3;1;18,0;15,00;20,00;49,000;52,433;3;A;0,0000;0,000
511;PRODUTO 511;311;1;0,0;16,80;25,00;16,000;52,132;2;B;0,0000;0,000
512;PRODUTO 512;311;4;0,0;52,35;68,00;3,000;12,000;2;C;0,0000;0,000
513;PRODUTO 513;149;4;0,0;13,90;16,20;11,000;1758,000;7;C;0,0000;1,050
514;PRODUTO 514;240;4;0,0;9,79;12,80;3,000;12,000;7;D;0,0000;
515;PRODUTO 515;308;4;18,0;33,50;43,90;7,000;1,000;1;C;0,0000;0,500
516;PRODUTO 516;294;1;18,0;15,70;23,50;9,000;44,268;10;C;0,0000;0,000
519;PRODUTO 519;294;1;18,0;15,00;22,00;13,000;89,096;10;B;0,0000;0,000
521;PRODUTO 521;294;1;0,0;7,00;9,90;5,000;33,306;7;C;0,0000;0,000
532;PRODUTO 532;328;4;0,0;21,00;28,00;6,000;4,000;5;D;0,0000;0,510
534;PRODUTO 534;37;4;18,0;4,50;5,90;3,000;13,000;7;C;0,0000;0,400
535;PRODUTO 535;328;4;0,0;21,00;28,00;4,000;15,000;5;D;0,0000;0,000
536;PRODUTO 536;328;4;0,0;21,00;28,00;3,000;0,000;5;D;0,0000;0,510
537;PRODUTO 537;328;4;0,0;21,00;28,00;4,000;4,000;5;D;0,0000;0,510
538;PRODUTO 538;328;4;0,0;21,00;28,00;2,000;0,000;5;D;0,0000;0,510
540;PRODUTO 540;328;4;0,0;21,00;28,00;14,000;17,000;5;D;0,0000;0,510
541;PRODUTO 541;328;4;0,0;9,00;13,00;11,000;15,000;5;C;0,0000;0,510
542;PRODUTO 542;328;4;0,0;9,00;13,00;13,000;30,000;5;C;0,0000;0,510
543;PRODUTO 543;328;4;0,0;21,00;28,00;3,000;0,000;5;D;0,0000;0,510
544;PRODUTO 544;328;0;0,0;21,00;28,00;11,000;19,000;5;D;0,0000;0,510
545;PRODUTO 545;328;4;0,0;21,00;28,00;4,000;17,000;5;D;0,0000;0,000
546;PRODUTO 546;328;4;0,0;21,00;28,00;6,000;2,000;5;D;0,0000;0,510
548;PRODUTO 548;387;4;0,0;20,60;25,90;2,000;5,000;8;D;0,0000;1,000
549;PRODUTO 549;329;4;18,0;9,20;12,90;9,000;13,000;5;C;0,0000;0,640
554;PRODUTO 554;294;4;18,0;30,00;38,95;31,000;73,000;7;B;0,0000;3,370
555;PRODUTO 555;247;4;0,0;15,60;20,50;3,000;3,000;7;C;0,0000;0,220
556;PRODUTO 556;294;1;0,0;4,00;5,50;3,000;28,969;7;C;0,0000;
557;PRODUTO 557;243;4;18,0;12,70;16,50;5,000;5,000;7;D;0,0000;0,500
558;PRODUTO 558;418;4;18,0;22,00;28,80;5,000;10,000;4;C;0,0000;0,000
559;PRODUTO 559;19;4;18,0;8,73;11,50;10,000;8,000;1;C;0,0000;0,164
561;PRODUTO 561;329;4;18,0;16,80;26,20;3,000;16,000;5;C;0,0000;0,400
563;PRODUTO 563;329;4;18,0;10,60;14,50;9,000;73,000;5;C;0,0000;0,580
564;PRODUTO 564;428;4;18,0;9,90;12,90;18,000;4,000;1;C;0,0000;0,200
565;PRODUTO 565;428;4;18,0;20,20;24,90;21,000;25,000;1;C;0,0000;0,600
567;PRODUTO 567;311;1;0,0;52,00;71,90;23,000;14,182;-1;C;0,0000;0,000
569;PRODUTO 569;294;1;18,0;34,00;51,90;3,000;27,299;10;D;0,0000;0,000
571;PRODUTO 571;21;4;18,0;8,85;10,90;5,000;21,000;5;D;0,0000;0,310
580;PRODUTO 580;372;4;0,0;17,40;21,70;4,000;1,000;7;C;0,0000;0,300
581;PRODUTO 581;372;4;0,0;17,40;21,70;0,000;11,000;7;C;0,0000;0,300
582;PRODUTO 582;372;4;0,0;17,40;21,70;2,000;8,000;7;C;0,0000;0,300
583;PRODUTO 583;372;4;0,0;17,40;21,70;3,000;11,000;7;C;0,0000;0,300
584;PRODUTO 584;372;4;0,0;17,40;21,70;3,000;4,000;7;C;0,0000;0,300
585;PRODUTO 585;372;4;0,0;17,40;21,70;2,000;6,000;7;C;0,0000;0,300
586;PRODUTO 586;372;4;0,0;17,40;21,70;0,000;24,000;7;C;0,0000;0,300
587;PRODUTO 587;372;4;0,0;17,40;21,70;2,000;14,000;7;C;0,0000;0,300
588;PRODUTO 588;372;4;0,0;17,40;21,70;0,000;0,000;7;C;0,0000;0,300
589;PRODUTO 589;372;4;0,0;17,40;21,70;2,000;12,000;7;C;;0,300
590;PRODUTO 590;372;4;0,0;17,40;21,70;0,000;15,000;7;C;0,0000;0,300
593;PRODUTO 593;372;4;0,0;17,40;21,70;2,000;9,000;7;C;0,0000;0,300
595;PRODUTO 595;294;4;18,0;9,60;13,20;4,000;24,000;8;C;0,0000;0,382
596;PRODUTO 596;294;4;18,0;14,50;19,50;3,000;33,000;7;C;0,0000;0,550
600;PRODUTO 600;46;4;0,0;9,20;12,50;0,000;2,000;7;C;0,0000;0,235
601;PRODUTO 601;294;1;18,0;29,00;45,00;2,000;25,338;10;C;0,0000;
602;PRODUTO 602;21;4;18,0;53,00;64,00;14,000;113,000;1;B;0,0000;1,520
603;PRODUTO 603;46;4;0,0;10,70;14,50;2,000;53,000;7;C;0,0000;0,235
604;PRODUTO 604;294;4;0,0;20,65;26,80;4,000;116,000;8;C;0,0000;0,350
605;PRODUTO 605;247;4;18,0;46,00;56,00;7,000;26,000;7;C;0,0000;1,050
606;PRODUTO 606;2;4;18,0;3,20;4,10;9,000;66,000;7;D;0,0000;0,070
607;PRODUTO 607;46;4;0,0;9,70;12,70;2,000;12,000;8;C;0,0000;0,000
608;PRODUTO 608;46;4;0,0;11,35;15,80;3,000;26,000;8;C;0,0000;0,000
609;PRODUTO 609;243;4;0,0;18,20;23,70;3,000;13,000;7;C;0,0000;0,500
610;PRODUTO 610;243;4;0,0;40,00;52,50;4,000;28,000;7;C;0,0000;0,200
611;PRODUTO 611;294;1;18,0;19,00;25,90;2,000;15,770;10;A;0,0000;0,000
612;PRODUTO 612;243;4;0,0;14,20;19,50;2,000;13,000;7;D;0,0000;0,700
613;PRODUTO 613;294;1;18,0;34,00;45,00;3,000;19,386;10;C;0,0000;
614;PRODUTO 614;46;4;0,0;12,70;16,50;0,000;42,000;8;C;0,0000;0,000
615;PRODUTO 615;46;4;0,0;11,80;15,40;2,000;30,000;8;C;0,0000;0,000
616;PRODUTO 616;243;4;0,0;21,50;27,95;4,000;25,000;7;D;0,0000;0,320
617;PRODUTO 617;340;4;0,0;8,30;11,00;10,000;6,000;7;D;0,0000;0,000
618;PRODUTO 618;340;4;0,0;8,30;11,00;4,000;9,000;7;D;0,0000;0,000
619;PRODUTO 619;340;4;0,0;8,30;11,00;8,000;1,000;7;D;0,0000;0,000
620;PRODUTO 620;340;4;0,0;8,30;11,00;6,000;1,000;7;D;0,0000;0,000
621;PRODUTO 621;294;1;0,0;21,00;34,00;2,000;32,919;7;C;0,0000;0,000
623;PRODUTO 623;340;4;0,0;8,30;11,00;3,000;2,000;7;D;0,0000;0,000
624;PRODUTO 624;340;4;0,0;6,20;8,00;4,000;3,000;7;D;0,0000;0,300
625;PRODUTO 625;240;4;0,0;7,59;9,90;26,000;26,000;7;D;0,0000;0,000
626;PRODUTO 626;240;4;0,0;5,59;7,30;2,000;0,000;7;D;0,0000;0,160
627;PRODUTO 627;48;4;0,0;28,50;39,50;3,000;7,000;5;D;0,0000;0,000
629;PRODUTO 629;377;4;12,0;60,62;75,50;0,000;10,000;7;D;0,0000;1,500
631;PRODUTO 631;358;4;18,0;15,00;18,20;2,000;0,000;5;C;0,0000;2,500
632;PRODUTO 632;387;4;0,0;31,70;41,20;2,000;0,000;7;D;0,0000;0,220
633;PRODUTO 633;7;4;18,0;6,22;9,20;5,000;16,000;1;C;0,0000;
634;PRODUTO 634;294;4;0,0;8,00;10,50;17,000;31,000;7;C;0,0000;0,180
636;PRODUTO 636;312;4;0,0;5,60;7,10;9,000;41,000;7;C;0,0000;0,220
639;PRODUTO 639;312;4;0,0;6,40;8,20;6,000;53,000;7;D;0,0000;0,240
642;PRODUTO 642;272;4;0,0;5,95;8,00;0,000;19,000;7;D;0,0000;0,000
644;PRODUTO 644;272;4;0,0;5,95;8,00;2,000;71,000;7;D;0,0000;0,000
646;PRODUTO 646;333;4;0,0;35,79;50,90;0,000;0,000;9;D;0,0000;1,100
647;PRODUTO 647;393;4;12,0;5,90;7,90;0,000;1,000;9;D;0,0000;0,500
648;PRODUTO 648;333;4;0,0;35,79;50,90;0,000;0,000;9;D;0,0000;1,100
649;PRODUTO 649;60;4;0,0;24,00;31,20;6,000;67,000;7;C;0,0000;0,340
650;PRODUTO 650;60;4;0,0;24,00;31,20;4,000;21,000;7;C;0,0000;0,000
651;PRODUTO 651;267;4;0,0;9,50;13,50;6,000;49,000;7;C;0,0000;0,160
652;PRODUTO 652;267;4;0,0;9,80;13,50;4,000;39,000;7;C;0,0000;0,145
653;PRODUTO 653;267;4;0,0;13,00;18,50;3,000;18,000;7;C;0,0000;0,205
654;PRODUTO 654;309;4;0,0;10,06;11,90;5,000;3,000;1;C;0,0000;0,210
655;PRODUTO 655;267;4;0,0;15,00;19,90;3,000;0,000;7;C;0,0000;0,380
656;PRODUTO 656;46;1;12,0;8,50;15,90;2,000;26,695;8;C;0,0000;7,200
659;PRODUTO 659;333;4;4,0;58,20;74,50;0,000;0,000;8;D;0,0000;1,000
661;PRODUTO 661;294;1;18,0;19,00;29,90;0,000;8,872;10;C;0,0000;0,000
662;PRODUTO 662;10;4;18,0;6,70;9,50;30,000;35,000;7;C;0,0000;0,410
663;PRODUTO 663;51;4;0,0;2,90;3,70;0,000;6,000;7;C;0,0000;0,180
664;PRODUTO 664;240;4;0,0;6,29;8,20;2,000;3,000;7;D;0,0000;0,160
667;PRODUTO 667;312;4;0,0;10,20;13,50;55,000;217,000;7;D;0,0000;0,160
675;PRODUTO 675;333;4;4,0;43,14;51,90;0,000;2,000;7;D;0,0000;1,000
677;PRODUTO 677;318;4;18,0;14,50;19,00;5,000;10,000;1;C;0,0000;0,140
684;PRODUTO 684;37;4;18,0;20,70;26,90;7,000;1,000;7;C;0,0000;0,000
688;PRODUTO 688;294;1;18,0;47,50;67,50;2,000;40,984;10;A;0,0000;
691;PRODUTO 691;333;4;4,0;44,40;55,50;1,000;0,000;8;D;0,0000;1,000
693;PRODUTO 693;294;1;;20,00;39,90;0,000;10,696;10;D;0,0000;0,000
695;PRODUTO 695;294;4;0,0;1,90;3,00;2,000;4,000;8;D;0,0000;0,030
696;PRODUTO 696;329;4;13,3;15,60;22,00;8,000;31,000;5;C;0,0000;0,200
699;PRODUTO 699;294;1;0,0;10,80;22,90;2,000;18,078;10;D;0,0000;0,000
701;PRODUTO 701;358;4;18,0;11,50;14,90;2,000;11,000;5;D;0,0000;1,100
703;PRODUTO 703;312;4;0,0;9,21;11,80;3,000;50,000;7;C;0,0000;0,180
704;PRODUTO 704;294;1;18,0;12,00;25,90;0,000;31,197;10;C;0,0000;0,000
706;PRODUTO 706;21;4;0,0;13,20;16,20;9,000;31,000;1;C;0,0000;0,250
707;PRODUTO 707;21;4;0,0;15,42;20,90;4,000;24,000;1;D;0,0000;0,450
710;PRODUTO 710;333;4;4,0;31,27;54,50;2,000;7,000;9;D;0,0000;1,000
711;PRODUTO 711;377;4;4,0;96,76;120,00;0,000;0,000;7;D;0,0000;1,500
712;PRODUTO 712;294;1;18,0;16,00;34,00;7,000;36,121;7;B;0,0000;0,000
713;PRODUTO 713;392;4;0,0;18,40;23,90;0,000;0,000;5;D;0,0000;0,520
715;PRODUTO 715;312;4;0,0;8,94;11,65;2,000;0,000;7;C;0,0000;0,080
718;PRODUTO 718;333;4;4,0;32,00;45,90;0,000;4,000;9;D;0,0000;1,000
719;PRODUTO 719;243;4;18,0;14,13;19,90;38,000;197,000;2;B;0,0000;0,122
720;PRODUTO 720;7;1;18,0;60,00;72,00;5,000;12,486;1;C;0,0000;0,000
721;PRODUTO 721;333;4;4,0;31,27;45,90;2,000;14,000;9;D;0,0000;1,000
722;PRODUTO 722;293;4;0,0;5,86;8,00;2,000;12,000;7;D;0,0000;0,000
723;PRODUTO 723;7;4;18,0;6,80;9,20;9,000;16,000;1;C;0,0000;0,000
724;PRODUTO 724;344;4;0,0;49,58;64,50;0,000;0,000;9;D;0,0000;0,000
729;PRODUTO 729;243;4;18,0;8,00;11,00;6,000;14,000;7;C;0,0000;0,510
730;PRODUTO 730;332;4;0,0;4,50;6,40;7,000;47,000;7;C;0,0000;0,000
731;PRODUTO 731;333;4;0,0;31,25;40,50;2,000;4,000;9;D;0,0000;1,000
732;PRODUTO 732;115;4;18,0;120,00;145,00;2,000;8,000;8;C;0,0000;5,300
733;PRODUTO 733;243;4;18,0;7,95;11,00;11,000;25,000;7;D;0,0000;0,600
734;PRODUTO 734;243;4;18,0;8,00;11,00;20,000;128,000;7;D;0,0000;0,600
736;PRODUTO 736;2;4;18,0;0,70;1,30;87,000;492,000;1;D;0,0000;0,000
737;PRODUTO 737;312;4;0,0;8,61;10,90;0,000;40,000;7;C;0,0000;0,080
738;PRODUTO 738;312;4;0,0;7,97;9,90;0,000;20,000;7;C;0,0000;0,080
739;PRODUTO 739;240;4;0,0;5,59;7,30;4,000;48,800;7;D;0,0000;0,160
740;PRODUTO 740;240;4;0,0;7,29;9,50;6,000;79,000;7;D;0,0000;0,000
742;PRODUTO 742;35;4;18,0;9,58;12,50;27,000;7,000;7;D;0,0000;0,000
743;PRODUTO 743;340;4;0,0;8,50;11,00;4,000;5,000;7;D;0,0000;0,000
744;PRODUTO 744;340;4;0,0;8,30;12,50;7,000;9,000;7;D;0,0000;0,000
745;PRODUTO 745;24;4;18,0;1,90;3,00;4,000;68,000;7;D;0,0000;0,120
746;PRODUTO 746;347;4;0,0;10,60;13,50;3,000;34,000;7;D;0,0000;0,000
748;PRODUTO 748;402;4;0,0;25,00;33,50;2,000;0,000;7;C;0,0000;1,100
749;PRODUTO 749;402;4;0,0;21,00;27,30;0,000;4,000;8;B;0,0000;0,650
750;PRODUTO 750;402;4;0,0;15,00;20,50;0,000;0,000;7;B;0,0000;0,486
753;PRODUTO 753;99;4;0,0;33,00;43,00;5,000;1,000;2;C;0,0000;1,010
755;PRODUTO 755;11;4;0,0;8,70;13,90;2,000;0,000;7;D;0,0000;0,000
757;PRODUTO 757;312;4;0,0;8,95;11,70;0,000;120,000;7;C;0,0000;0,080
762;PRODUTO 762;242;4;0,0;15,00;20,90;9,000;39,000;7;C;0,0000;0,600
765;PRODUTO 765;294;4;0,0;22,00;28,90;4,000;7,000;7;D;0,0000;1,000
768;PRODUTO 768;333;4;4,0;31,27;45,90;2,000;16,000;9;D;0,0000;1,000
771;PRODUTO 771;7;1;18,0;47,60;59,90;6,000;15,829;1;C;0,0000;0,000
772;PRODUTO 772;99;1;0,0;29,40;42,90;0,000;3,552;2;C;0,0000;
773;PRODUTO 773;377;4;12,0;41,57;59,90;0,000;8,000;9;D;0,0000;1,500
774;PRODUTO 774;333;4;25,0;42,48;55,50;0,000;3,000;9;D;0,0000;1,500
775;PRODUTO 775;333;4;4,0;53,24;69,90;0,000;14,000;9;D;0,0000;1,000
776;PRODUTO 776;240;4;18,0;9,79;12,80;5,000;50,834;7;D;0,0000;0,000
777;PRODUTO 777;48;1;;23,75;30,90;0,000;0,000;5;D;0,0000;0,000
778;PRODUTO 778;296;4;25,0;42,90;53,90;0,000;21,000;9;D;0,0000;2,000
779;PRODUTO 779;46;4;0,0;11,10;14,50;2,000;8,000;7;D;0,0000;0,300
780;PRODUTO 780;296;4;25,0;42,90;53,90;0,000;6,000;9;D;0,0000;2,000
781;PRODUTO 781;140;4;0,0;13,35;17,20;21,000;145,000;7;D;0,0000;0,300
782;PRODUTO 782;296;4;25,0;42,90;53,90;0,000;5,000;9;D;0,0000;2,000
783;PRODUTO 783;240;4;0,0;13,59;17,70;0,000;0,000;7;D;0,0000;0,000
784;PRODUTO 784;296;4;25,0;35,00;50,90;0,000;1,000;9;D;0,0000;2,000
785;PRODUTO 785;333;4;25,0;42,48;55,50;0,000;3,000;9;D;0,0000;1,000
788;PRODUTO 788;296;4;25,0;38,50;50,90;0,000;0,000;9;D;0,0000;2,000
789;PRODUTO 789;46;4;0,0;29,00;37,70;0,000;15,000;8;C;0,0000;1,200
791;PRODUTO 791;45;4;0,0;9,05;12,00;10,000;30,000;1;C;0,0000;0,000
793;PRODUTO 793;4;1;0,0;20,00;24,78;3,000;0,000;2;A;0,0000;0,000
795;PRODUTO 795;2;4;0,0;5,50;7,50;0,000;0,000;7;D;0,0000;0,045
796;PRODUTO 796;99;1;0,0;24,38;32,00;9,000;8,099;2;C;0,0000;0,000
799;PRODUTO 799;87;4;0,0;11,00;16,00;5,000;0,000;7;C;0,0000;0,510
800;PRODUTO 800;333;4;4,0;40,25;53,00;0,000;0,000;9;D;0,0000;1,000
801;PRODUTO 801;19;1;18,0;44,36;57,00;19,000;13,748;1;B;0,0000;0,000
802;PRODUTO 802;393;4;12,0;5,90;7,90;0,000;3,000;7;D;0,0000;0,500
803;PRODUTO 803;215;4;18,0;19,00;24,90;6,000;25,000;7;C;0,0000;0,510
804;PRODUTO 804;240;4;0,0;9,79;12,80;2,000;10,000;7;D;0,0000;0,000
805;PRODUTO 805;21;4;0,0;13,00;14,50;2,000;0,000;5;D;0,0000;0,000
806;PRODUTO 806;333;4;0,0;35,79;50,90;0,000;0,000;9;D;0,0000;1,500
808;PRODUTO 808;311;4;0,0;6,00;7,00;6,000;743,000;1;C;0,0000;0,000
809;PRODUTO 809;242;4;0,0;0,75;1,80;3,000;9,000;7;D;0,0000;0,042
810;PRODUTO 810;340;4;0,0;8,30;11,00;3,000;0,000;7;D;0,0000;0,550
811;PRODUTO 811;333;4;4,0;27,00;39,90;2,000;1,000;7;D;0,0000;1,000
812;PRODUTO 812;344;4;25,0;50,00;69,90;0,000;0,000;7;D;0,0000;0,000
813;PRODUTO 813;377;4;12,0;41,57;59,90;0,000;2,000;9;D;0,0000;1,500
814;PRODUTO 814;333;4;4,0;27,00;39,90;2,000;0,000;9;D;0,0000;1,000
815;PRODUTO 815;333;4;4,0;44,00;55,00;5,000;0,000;9;D;0,0000;1,000
816;PRODUTO 816;333;4;0,0;28,62;47,90;5,000;0,000;9;D;0,0000;1,200
817;PRODUTO 817;240;4;0,0;9,89;12,90;3,000;10,000;7;D;0,0000;0,000
818;PRODUTO 818;2;4;0,0;1,50;2,50;36,000;9,000;7;C;0,0000;0,095
819;PRODUTO 819;333;4;4,0;39,20;51,90;2,000;0,000;9;D;0,0000;1,000
820;PRODUTO 820;7;4;18,0;25,00;28,90;5,000;0,000;1;C;0,0000;0,420
821;PRODUTO 821;2;4;18,0;14,30;16,00;4,000;2,000;8;C;0,0000;0,450
822;PRODUTO 822;333;4;0,0;35,79;50,90;0,000;0,607;9;D;0,0000;1,200
823;PRODUTO 823;333;4;0,0;39,60;49,90;2,000;0,000;9;D;0,0000;1,000
825;PRODUTO 825;333;4;4,0;40,25;53,00;0,000;0,000;9;D;0,0000;1,000
827;PRODUTO 827;333;4;4,0;31,74;47,90;0,000;0,000;9;D;0,0000;1,000
829;PRODUTO 829;333;4;4,0;30,00;39,90;0,000;5,000;7;D;0,0000;1,000
831;PRODUTO 831;333;4;4,0;55,61;69,90;0,000;0,000;9;D;0,0000;1,000
833;PRODUTO 833;333;4;4,0;40,25;53,00;0,000;0,000;7;D;0,0000;1,000
834;PRODUTO 834;333;4;4,0;47,25;64,50;2,000;0,000;9;D;0,0000;1,000
835;PRODUTO 835;377;4;12,0;67,76;95,90;0,000;6,000;9;D;0,0000;1,050
836;PRODUTO 836;146;4;0,0;24,70;31,50;7,000;90,000;7;C;0,0000;0,000
837;PRODUTO 837;242;4;0,0;13,90;19,90;28,000;53,000;7;B;0,0000;0,600
838;PRODUTO 838;242;4;0,0;4,90;6,30;12,000;91,000;7;D;0,0000;0,000
839;PRODUTO 839;45;4;0,0;9,05;12,00;16,000;60,000;1;C;0,0000;0,000
840;PRODUTO 840;146;4;18,0;16,00;23,50;44,000;0,000;7;C;0,0000;1,000
841;PRODUTO 841;293;4;18,0;5,00;5,90;3,000;3,000;7;C;0,0000;0,520
842;PRODUTO 842;370;4;25,0;43,79;59,90;0,000;0,000;9;D;0,0000;1,500
843;PRODUTO 843;370;4;0,0;66,50;99,90;0,000;0,000;9;D;0,0000;1,500
844;PRODUTO 844;333;4;25,0;49,00;67,90;0,000;0,000;9;D;0,0000;1,500
845;PRODUTO 845;240;4;0,0;6,49;8,50;37,000;92,000;7;D;0,0000;0,550
846;PRODUTO 846;294;1;18,0;69,00;90,00;4,000;65,370;10;C;0,0000;
847;PRODUTO 847;240;4;0,0;14,89;18,70;5,000;0,000;7;D;0,0000;0,504
848;PRODUTO 848;240;4;0,0;5,89;7,70;11,000;12,000;7;D;0,0000;0,350
849;PRODUTO 849;243;4;18,0;8,00;11,00;6,000;21,000;7;C;0,0000;0,550
852;PRODUTO 852;318;4;18,0;19,66;28,90;2,000;0,000;1;C;0,0000;0,450
853;PRODUTO 853;312;4;0,0;6,40;8,20;6,000;42,000;7;D;0,0000;0,240
854;PRODUTO 854;243;4;18,0;7,95;11,00;4,000;14,000;7;D;0,0000;0,550
855;PRODUTO 855;333;4;4,0;51,89;59,90;0,000;1,000;9;D;0,0000;1,000
856;PRODUTO 856;333;4;4,0;41,00;59,90;5,000;0,000;9;D;0,0000;1,000
857;PRODUTO 857;333;4;4,0;38,00;59,90;0,000;2,000;9;D;0,0000;1,000
858;PRODUTO 858;377;4;12,0;68,26;95,90;0,000;9,000;9;D;0,0000;1,050
859;PRODUTO 859;333;4;4,0;41,00;59,90;3,000;24,000;9;D;0,0000;1,500
860;PRODUTO 860;312;4;0,0;6,40;8,20;4,000;47,000;7;D;0,0000;0,240
861;PRODUTO 861;377;4;12,0;72,14;95,90;0,000;5,000;9;D;0,0000;2,000
863;PRODUTO 863;333;4;4,0;38,00;59,90;0,000;0,000;9;D;0,0000;1,000
864;PRODUTO 864;333;4;4,0;44,00;64,90;0,000;0,000;9;D;0,0000;1,000
866;PRODUTO 866;243;4;0,0;11,25;13,90;25,000;127,000;7;C;0,0000;1,050
867;PRODUTO 867;333;4;0,0;34,11;44,90;2,010;0,000;9;D;0,0000;1,200
869;PRODUTO 869;99;1;0,0;55,02;65,00;3,000;6,027;2;C;0,0000;0,000
870;PRODUTO 870;333;4;4,0;46,17;59,90;0,000;6,000;9;D;0,0000;1,000
871;PRODUTO 871;87;4;0,0;127,00;155,90;0,000;0,000;7;C;0,0000;1,100
872;PRODUTO 872;247;4;18,0;20,00;24,90;2,000;6,000;7;C;0,0000;0,000
874;PRODUTO 874;333;4;25,0;37,00;52,90;0,000;0,000;9;D;0,0000;1,900
875;PRODUTO 875;333;4;4,0;32,41;69,90;2,000;0,000;9;D;0,0000;1,000
876;PRODUTO 876;335;4;0,0;24,80;31,00;4,000;4,000;5;C;0,0000;0,500
878;PRODUTO 878;15;4;18,0;15,30;20,90;2,000;12,000;1;C;0,0000;0,450
879;PRODUTO 879;370;4;0,0;36,00;46,90;2,000;0,000;9;D;0,0000;1,500
880;PRODUTO 880;377;4;12,0;41,57;55,90;0,000;1,000;9;D;0,0000;2,000
881;PRODUTO 881;294;1;18,0;10,50;15,00;10,000;43,690;10;C;0,0000;0,000
882;PRODUTO 882;333;4;4,0;25,70;39,90;0,000;7,000;9;D;0,0000;1,000
883;PRODUTO 883;240;4;0,0;2,29;3,00;2,000;11,000;7;D;0,0000;0,035
884;PRODUTO 884;272;4;0,0;2,00;3,00;39,000;328,000;7;D;0,0000;0,000
885;PRODUTO 885;333;4;4,0;45,28;59,90;0,000;2,000;9;D;0,0000;1,000
886;PRODUTO 886;333;4;4,0;43,14;51,90;0,000;0,000;9;D;0,0000;1,000
887;PRODUTO 887;240;4;0,0;8,19;10,70;5,000;95,000;7;D;0,0000;0,450
889;PRODUTO 889;333;4;4,0;31,52;40,90;0,000;0,000;9;D;0,0000;1,000
890;PRODUTO 890;240;4;0,0;10,39;13,50;3,000;14,000;7;D;0,0000;0,550
891;PRODUTO 891;377;4;12,0;68,26;89,50;0,000;7,000;0;D;0,0000;1,050
894;PRODUTO 894;48;4;0,0;23,00;29,90;4,000;7,000;5;D;0,0000;0,550
895;PRODUTO 895;240;4;0,0;8,19;10,70;5,000;101,000;7;D;0,0000;0,480
896;PRODUTO 896;51;4;0,0;2,55;3,30;0,000;24,000;7;D;0,0000;0,180
897;PRODUTO 897;240;4;0,0;12,89;16,80;6,000;8,000;7;D;0,0000;0,450
899;PRODUTO 899;418;4;18,0;23,30;29,90;6,000;8,000;4;B;0,0000;0,410
901;PRODUTO 901;418;6;18,0;34,00;40,00;0,000;0,000;4;C;0,0000;5,750
902;PRODUTO 902;418;6;18,0;14,00;18,00;10,000;37,000;4;B;0,0000;1,330
903;PRODUTO 903;418;6;18,0;14,00;18,00;0,000;8,000;4;B;0,0000;1,440
904;PRODUTO 904;418;6;18,0;16,00;20,00;2,000;12,000;4;B;0,0000;1,350
905;PRODUTO 905;418;6;18,0;31,00;40,00;2,000;24,000;4;B;0,0000;2,500
906;PRODUTO 906;418;6;18,0;61,15;71,50;3,000;6,000;4;B;;2,210
907;PRODUTO 907;418;6;18,0;22,00;26,00;5,000;12,000;4;A;0,0000;0,450
908;PRODUTO 908;418;6;18,0;18,90;22,00;6,000;22,000;4;B;0,0000;2,350
909;PRODUTO 909;243;4;0,0;77,00;98,00;2,000;18,000;7;C;0,0000;0,608
910;PRODUTO 910;321;4;0,0;8,50;10,50;2,000;26,000;11;C;0,0000;0,850
911;PRODUTO 911;243;4;0,0;102,40;128,00;2,000;0,000;7;C;0,0000;1,100
912;PRODUTO 912;418;6;18,0;40,00;52,00;2,000;11,000;4;C;0,0000;0,000
913;PRODUTO 913;293;4;;5,50;6,50;3,000;41,000;7;C;0,0000;1,050
914;PRODUTO 914;333;4;0,0;35,00;52,90;0,000;3,000;9;D;0,0000;1,500
915;PRODUTO 915;377;4;12,0;41,57;55,90;2,000;5,000;9;D;0,0000;1,500
916;PRODUTO 916;7;4;18,0;16,50;19,00;11,000;4,000;1;C;0,0000;0,240
918;PRODUTO 918;418;4;18,0;45,00;53,10;0,000;0,000;4;C;0,0000;1,000
919;PRODUTO 919;294;1;18,0;22,00;35,00;2,000;25,314;10;C;0,0000;5,200
921;PRODUTO 921;418;6;18,0;18,00;24,00;2,000;17,000;4;C;0,0000;1,000
922;PRODUTO 922;418;6;18,0;30,00;36,00;9,000;19,000;4;B;0,0000;1,650
923;PRODUTO 923;87;4;0,0;75,00;88,50;0,000;0,000;7;C;0,0000;0,250
925;PRODUTO 925;418;4;18,0;21,20;27,00;10,000;22,000;4;B;0,0000;1,400
926;PRODUTO 926;332;4;0,0;3,00;4,00;6,000;57,000;5;C;0,0000;0,405
929;PRODUTO 929;333;4;25,0;35,00;51,90;0,000;1,000;9;D;0,0000;1,500
930;PRODUTO 930;333;4;4,0;35,10;51,90;0,000;5,000;9;D;0,0000;1,000
931;PRODUTO 931;333;4;4,0;24,18;41,90;0,000;2,000;9;D;0,0000;1,000
932;PRODUTO 932;35;4;18,0;9,58;12,50;23,000;22,000;7;D;0,0000;0,000
935;PRODUTO 935;240;4;0,0;10,89;14,20;7,000;6,000;7;D;0,0000;0,400
936;PRODUTO 936;377;4;4,0;30,35;41,50;0,000;3,000;9;D;0,0000;1,000
938;PRODUTO 938;115;4;18,0;20,18;24,20;11,000;54,000;8;B;0,0000;0,000
939;PRODUTO 939;333;4;4,0;59,00;75,90;0,000;0,000;9;D;0,0000;1,000
940;PRODUTO 940;333;4;4,0;51,73;69,90;0,000;2,000;9;D;0,0000;1,000
941;PRODUTO 941;377;4;12,0;41,57;55,90;0,000;7,000;9;D;0,0000;1,500
942;PRODUTO 942;333;4;0,0;40,00;75,00;0,000;0,000;9;D;0,0000;1,000
943;PRODUTO 943;333;4;4,0;42,00;59,90;0,000;0,000;9;D;0,0000;1,000
944;PRODUTO 944;333;4;4,0;40,24;59,90;0,000;2,000;9;D;0,0000;1,000
945;PRODUTO 945;333;4;0,0;38,81;69,90;0,000;0,000;9;D;0,0000;1,000
946;PRODUTO 946;333;4;4,0;40,24;59,90;0,000;7,000;9;D;0,0000;1,000
947;PRODUTO 947;294;1;18,0;49,00;72,00;0,000;18,868;7;D;0,0000;0,000
948;PRODUTO 948;50;4;0,0;13,00;16,80;22,000;161,000;7;C;0,0000;0,300
949;PRODUTO 949;50;4;0,0;11,90;14,50;13,000;88,000;7;C;0,0000;0,450
950;PRODUTO 950;2;4;18,0;7,50;12,50;7,000;35,000;8;C;0,0000;0,000
951;PRODUTO 951;149;4;0,0;6,00;8,00;3,000;140,000;7;C;0,0000;0,285
952;PRODUTO 952;240;4;0,0;12,89;16,80;6,000;5,000;7;D;0,0000;0,400
953;PRODUTO 953;240;4;18,0;8,19;10,70;2,000;20,000;7;D;0,0000;0,400
954;PRODUTO 954;312;4;0,0;6,40;8,20;6,000;70,000;7;D;0,0000;0,240
955;PRODUTO 955;87;4;0,0;20,50;27,00;3,000;0,000;7;C;0,0000;0,100
956;PRODUTO 956;240;4;18,0;9,79;12,80;4,000;14,000;7;D;0,0000;
958;PRODUTO 958;240;4;0,0;10,19;13,30;27,000;69,000;7;D;0,0000;0,350
961;PRODUTO 961;377;4;12,0;37,54;48,90;2,000;6,000;9;D;0,0000;1,000
963;PRODUTO 963;333;4;;51,73;69,90;0,000;4,000;9;D;0,0000;1,500
964;PRODUTO 964;240;4;0,0;11,89;15,50;3,000;2,000;7;D;0,0000;0,550
965;PRODUTO 965;333;4;4,0;38,80;69,90;0,000;4,000;9;D;0,0000;1,000
966;PRODUTO 966;7;4;18,0;5,30;9,20;11,000;13,000;1;C;0,0000;0,000
967;PRODUTO 967;240;4;0,0;9,89;12,90;3,000;7,000;7;D;0,0000;
968;PRODUTO 968;330;4;0,0;2,65;3,50;4,000;32,000;7;D;0,0000;0,600
969;PRODUTO 969;330;4;0,0;2,30;3,20;7,000;170,000;7;D;0,0000;0,600
970;PRODUTO 970;10;4;18,0;21,22;26,90;6,000;38,000;5;C;0,0000;0,000
979;PRODUTO 979;393;4;12,0;43,09;55,40;0,000;0,000;9;D;0,0000;1,000
980;PRODUTO 980;393;4;12,0;41,20;56,90;0,000;4,000;9;D;0,0000;1,500
981;PRODUTO 981;247;4;18,0;25,00;32,50;0,000;3,000;7;C;0,0000;0,430
982;PRODUTO 982;257;4;0,0;21,10;27,50;2,000;13,000;7;C;0,0000;0,260
983;PRODUTO 983;294;4;18,0;43,00;54,00;2,000;20,038;10;C;0,0000;
985;PRODUTO 985;393;4;12,0;29,30;42,20;0,000;1,000;9;D;0,0000;1,000
987;PRODUTO 987;312;4;0,0;9,21;11,80;7,000;54,000;7;C;0,0000;0,180
988;PRODUTO 988;240;4;0,0;7,29;9,50;8,000;4,000;7;D;0,0000;0,200
989;PRODUTO 989;393;4;12,0;28,60;42,20;0,000;0,000;9;D;0,0000;1,500
990;PRODUTO 990;10;1;0,0;60,30;75,00;6,000;8,242;2;B;0,0000;0,000
991;PRODUTO 991;393;4;0,0;54,22;70,50;0,000;2,000;9;C;0,0000;1,000
992;PRODUTO 992;212;3;12,0;4,50;5,20;371,000;514,000;1;A;2,0000;1,100
993;PRODUTO 993;393;4;12,0;37,26;52,50;0,000;6,000;9;C;0,0000;1,000
995;PRODUTO 995;330;4;18,0;2,10;2,80;7,000;205,000;7;D;0,0000;1,200
996;PRODUTO 996;149;4;0,0;10,00;12,50;3,000;2513,000;7;D;0,0000;0,520
997;PRODUTO 997;318;1;18,0;61,00;80,90;14,000;59,434;1;C;0,0000;0,000
998;PRODUTO 998;294;1;;12,00;22,00;7,000;450,388;2;D;0,0000;0,000
999;PRODUTO 999;294;1;0,0;13,00;25,00;0,000;995,372;2;D;0,0000;0,000
1.000;PRODUTO 1000;46;4;0,0;15,50;18,60;0,000;5,000;8;D;0,0000;0,850
1.002;PRODUTO 1002;46;4;18,0;9,56;16,90;3,000;39,292;8;D;0,0000;0,000
1.003;PRODUTO 1003;46;4;;14,85;19,35;0,000;14,000;8;C;0,0000;0,800
1.004;PRODUTO 1004;294;1;18,0;8,20;30,00;0,000;14,684;7;C;0,0000;0,000
1.005;PRODUTO 1005;240;4;0,0;6,91;10,00;0,000;0,000;7;D;0,0000;0,000
1.006;PRODUTO 1006;240;4;18,0;11,89;15,50;5,000;2,000;7;D;0,0000;0,500
1.007;PRODUTO 1007;240;4;0,0;6,69;8,70;0,000;0,000;7;D;0,0000;0,112
1.008;PRODUTO 1008;240;4;0,0;6,69;8,70;0,000;2,000;7;D;0,0000;0,112
1.009;PRODUTO 1009;311;4;0,0;18,50;24,00;3,000;13,000;5;D;0,0000;0,320
1.014;PRODUTO 1014;240;4;0,0;7,89;10,30;10,000;10,000;7;D;0,0000;0,000
1.015;PRODUTO 1015;240;4;0,0;9,98;13,00;2,000;0,000;7;D;0,0000;0,300
1.016;PRODUTO 1016;340;4;0,0;9,50;12,50;2,000;1,000;7;D;0,0000;0,400
1.017;PRODUTO 1017;329;4;18,0;27,50;34,50;8,000;33,000;5;C;0,0000;1,000
1.019;PRODUTO 1019;240;4;0,0;7,89;10,30;3,000;9,000;7;D;0,0000;0,300
1.020;PRODUTO 1020;294;1;18,0;6,00;11,50;2,000;24,690;10;C;0,0000;0,000
1.024;PRODUTO 1024;46;4;0,0;11,90;15,50;2,000;21,000;8;C;0,0000;0,350
1.025;PRODUTO 1025;46;1;12,0;33,00;43,90;0,000;0,000;8;C;0,0000;0,000
1.026;PRODUTO 1026;7;1;18,0;45,60;54,70;16,000;25,694;1;C;0,0000;0,000
1.027;PRODUTO 1027;7;1;18,0;53,60;65,90;3,000;5,917;1;C;0,0000;0,000
1.028;PRODUTO 1028;358;4;18,0;29,73;35,00;23,000;30,000;5;C;0,0000;2,500
1.036;PRODUTO 1036;333;4;4,0;36,17;51,90;0,000;2,000;9;D;0,0000;1,000
1.037;PRODUTO 1037;333;4;4,0;39,45;63,90;0,000;4,000;9;D;0,0000;1,000
1.038;PRODUTO 1038;46;1;12,0;10,53;16,90;2,000;15,911;8;C;0,0000;7,200
1.039;PRODUTO 1039;46;4;;13,25;17,30;5,000;50,000;7;C;0,0000;0,500
1.040;PRODUTO 1040;333;4;4,0;23,12;40,90;0,000;0,000;9;D;0,0000;1,000
1.044;PRODUTO 1044;333;4;0,0;29,15;54,90;0,000;2,000;9;D;0,0000;1,000
1.047;PRODUTO 1047;340;4;0,0;7,90;11,00;4,000;1,000;7;D;0,0000;0,450
1.050;PRODUTO 1050;333;4;25,0;49,00;63,90;0,000;1,000;9;D;0,0000;1,000
1.051;PRODUTO 1051;333;4;0,0;42,64;55,50;0,000;5,000;9;D;0,0000;1,000
1.052;PRODUTO 1052;333;4;25,0;38,09;47,90;0,000;4,000;9;D;0,0000;1,000
1.053;PRODUTO 1053;333;4;0,0;24,18;39,90;0,000;8,000;9;D;0,0000;1,900
1.054;PRODUTO 1054;333;4;0,0;37,72;51,90;0,000;9,000;9;D;0,0000;1,000
1.055;PRODUTO 1055;377;4;0,0;88,87;110,90;0,000;5,000;9;D;0,0000;1,000
1.061;PRODUTO 1061;48;4;0,0;17,00;25,90;0,000;2,000;5;D;0,0000;0,000
1.062;PRODUTO 1062;362;4;18,0;6,20;8,50;3,000;118,000;9;D;0,0000;0,540
1.069;PRODUTO 1069;308;4;0,0;9,10;12,50;21,000;22,000;1;C;0,0000;0,250
1.070;PRODUTO 1070;377;4;12,0;46,50;60,40;0,000;1,000;9;D;0,0000;1,000
1.071;PRODUTO 1071;344;4;0,0;59,50;74,90;0,000;0,000;9;D;0,0000;1,225
1.072;PRODUTO 1072;383;1;18,0;36,00;48,90;0,000;0,000;1;C;0,0000;0,000
1.073;PRODUTO 1073;333;4;25,0;45,00;59,90;0,000;3,000;9;D;0,0000;1,500
1.102;PRODUTO 1102;240;4;0,0;9,39;12,50;2,000;51,000;7;D;0,0000;0,000
1.104;PRODUTO 1104;240;4;0,0;14,89;18,70;3,000;0,000;7;D;0,0000;0,504
1.110;PRODUTO 1110;116;1;12,0;26,00;37,90;500,000;0,000;-2;D;0,0000;0,000
1.112;PRODUTO 1112;45;1;0,0;37,10;29,90;0,000;0,000;-2;C;0,0000;0,000
1.113;PRODUTO 1113;318;1;18,0;123,39;155,00;5,000;21,388;1;D;0,0000;
1.114;PRODUTO 1114;7;1;0,0;18,50;29,90;0,000;0,000;-2;D;0,0000;0,000
1.115;PRODUTO 1115;7;1;0,0;50,00;86,90;0,000;0,000;1;D;0,0000;0,000
1.116;PRODUTO 1116;308;4;0,0;9,10;12,50;23,000;23,000;1;C;0,0000;0,205
1.117;PRODUTO 1117;318;4;18,0;6,25;8,20;7,000;18,000;1;C;0,0000;0,380
1.121;PRODUTO 1121;243;1;0,0;63,00;94,90;0,000;0,000;1;D;0,0000;0,000
1.122;PRODUTO 1122;116;1;12,0;24,80;35,90;0,000;0,000;-2;C;0,0000;0,000
1.132;PRODUTO 1132;45;4;0,0;22,50;23,90;9,000;22,000;1;B;0,0000;0,500
1.136;PRODUTO 1136;41;1;18,0;44,00;55,50;3,000;7,638;1;C;0,0000;0,000
1.149;PRODUTO 1149;10;4;18,0;7,01;9,50;6,000;17,000;5;D;0,0000;0,000
1.150;PRODUTO 1150;229;1;0,0;29,00;43,50;0,000;0,000;1;D;0,0000;0,000
1.152;PRODUTO 1152;84;1;18,0;84,00;134,90;0,000;0,000;1;D;0,0000;0,000
1.153;PRODUTO 1153;45;1;0,0;50,00;81,90;0,000;0,000;1;D;0,0000;0,000
1.154;PRODUTO 1154;240;4;0,0;9,89;12,90;4,000;6,000;7;D;0,0000;0,500
1.155;PRODUTO 1155;240;4;0,0;11,89;15,50;7,000;11,000;7;D;0,0000;0,500
1.159;PRODUTO 1159;7;1;12,0;18,50;29,90;0,000;0,000;-2;C;0,0000;0,000
1.161;PRODUTO 1161;7;1;12,0;34,30;44,50;0,000;0,000;-2;D;0,0000;0,000
1.166;PRODUTO 1166;7;1;12,0;38,65;50,50;0,000;0,000;-2;D;0,0000;0,000
1.169;PRODUTO 1169;7;1;18,0;40,50;47,30;32,000;55,000;1;B;0,0000;5,200
1.192;PRODUTO 1192;64;1;18,0;63,00;94,50;0,000;0,000;1;D;0,0000;0,000
1.195;PRODUTO 1195;45;1;18,0;56,30;71,50;9,000;13,578;1;C;0,0000;0,500
1.200;PRODUTO 1200;377;4;12,0;67,60;95,90;0,000;7,000;9;D;0,0000;1,000
1.203;PRODUTO 1203;10;1;0,0;11,00;16,90;0,000;0,000;-1;D;0,0000;0,000
1.205;PRODUTO 1205;311;1;0,0;21,00;29,90;0,000;0,000;-1;D;0,0000;0,000
1.206;PRODUTO 1206;48;4;0,0;19,25;25,00;2,000;0,000;5;C;0,0000;0,000
1.210;PRODUTO 1210;149;4;0,0;9,11;11,20;4,000;28,000;7;D;0,0000;0,290
1.213;PRODUTO 1213;311;1;0,0;17,00;27,90;0,000;0,000;-1;D;0,0000;0,000
1.215;PRODUTO 1215;10;1;0,0;15,00;29,90;0,000;0,000;-1;D;0,0000;0,000
1.216;PRODUTO 1216;116;4;12,0;;5,00;;0,000;1;B;0,0000;
1.217;PRODUTO 1217;4;1;0,0;25,00;45,00;0,000;0,000;-1;D;0,0000;0,000
1.219;PRODUTO 1219;311;1;0,0;25,00;36,90;0,000;0,000;2;D;0,0000;0,000
1.221;PRODUTO 1221;10;1;0,0;22,00;31,90;0,000;0,000;-1;D;0,0000;0,000
1.231;PRODUTO 1231;398;4;12,0;16,20;19,90;0,000;0,000;1;D;0,0000;0,300
1.232;PRODUTO 1232;10;1;0,0;24,00;32,90;9,000;0,000;2;C;0,0000;0,000
1.233;PRODUTO 1233;4;1;0,0;45,00;64,90;0,000;0,000;2;D;0,0000;0,000
1.237;PRODUTO 1237;311;1;0,0;64,00;90,50;0,000;0,000;2;D;0,0000;0,000
1.247;PRODUTO 1247;4;1;0,0;17,00;34,90;0,000;0,000;-1;D;0,0000;0,000
1.249;PRODUTO 1249;398;1;12,0;44,60;58,50;0,000;0,000;1;D;0,0000;0,000
1.250;PRODUTO 1250;10;1;0,0;39,00;69,90;0,000;0,000;-1;D;0,0000;0,000
1.252;PRODUTO 1252;4;1;0,0;45,00;61,90;0,000;0,000;-1;D;0,0000;0,000
1.253;PRODUTO 1253;10;1;0,0;50,00;67,90;0,000;0,000;-1;C;0,0000;0,000
1.254;PRODUTO 1254;4;1;0,0;66,00;;9,000;0,000;-1;D;0,0000;0,000
1.263;PRODUTO 1263;99;1;12,0;28,00;45,90;0,000;0,000;-1;D;0,0000;0,000
1.264;PRODUTO 1264;99;1;12,0;60,00;73,90;2,000;0,000;-1;D;0,0000;0,000
1.272;PRODUTO 1272;99;1;0,0;28,00;39,50;12,000;0,000;-1;D;0,0000;0,000
1.284;PRODUTO 1284;311;1;0,0;30,00;68,90;0,000;0,000;-1;D;0,0000;0,000
1.290;PRODUTO 1290;4;1;18,0;30,00;39,50;4,000;8,496;2;D;0,0000;0,000
1.294;PRODUTO 1294;4;1;0,0;35,00;45,50;0,000;0,000;-1;D;0,0000;0,000
1.298;PRODUTO 1298;99;1;0,0;22,00;42,90;0,000;0,000;-1;D;0,0000;0,000
1.299;PRODUTO 1299;4;1;0,0;34,00;55,50;0,000;0,000;-1;D;0,0000;0,000
1.301;PRODUTO 1301;294;1;0,0;8,00;10,00;2,000;34,644;7;C;0,0000;0,000
1.302;PRODUTO 1302;19;4;12,0;8,73;11,50;16,000;0,000;1;D;0,0000;0,130
1.303;PRODUTO 1303;293;4;0,0;24,22;29,10;4,000;9,000;11;D;0,0000;1,910
1.305;PRODUTO 1305;333;4;4,0;40,00;54,90;0,000;8,000;9;D;0,0000;1,000
1.307;PRODUTO 1307;294;1;18,0;18,50;28,00;9,000;27,490;11;C;0,0000;0,000
1.335;PRODUTO 1335;46;1;12,0;10,95;16,90;3,000;19,639;8;C;0,0000;0,000
1.361;PRODUTO 1361;48;4;18,0;24,50;32,00;2,000;3,000;7;D;0,0000;0,000
1.364;PRODUTO 1364;60;4;18,0;26,45;29,10;8,000;0,000;7;C;0,0000;2,970
1.365;PRODUTO 1365;401;4;0,0;23,70;29,60;0,000;0,000;7;D;0,0000;0,410
1.385;PRODUTO 1385;311;1;0,0;40,00;56,50;0,000;0,000;-1;D;0,0000;0,000
1.386;PRODUTO 1386;294;4;18,0;11,00;17,50;9,000;0,000;7;C;0,0000;0,510
1.403;PRODUTO 1403;332;4;0,0;4,10;5,40;4,000;8,000;5;C;0,0000;0,320
1.407;PRODUTO 1407;358;4;18,0;20,90;27,50;0,000;0,000;5;C;0,0000;1,055
1.408;PRODUTO 1408;358;4;0,0;3,59;5,50;4,000;0,000;5;D;0,0000;0,300
1.410;PRODUTO 1410;332;4;0,0;5,30;6,90;5,000;21,000;5;C;0,0000;0,000
1.411;PRODUTO 1411;387;4;0,0;18,60;35,00;4,000;0,000;7;D;0,0000;0,109
1.423;PRODUTO 1423;387;4;;17,50;22,50;13,000;4,000;7;D;0,0000;0,800
1.445;PRODUTO 1445;140;1;0,0;20,00;40,50;0,000;0,000;7;D;0,0000;0,000
1.466;PRODUTO 1466;50;4;0,0;3,03;3,99;14,000;124,000;7;C;0,0000;0,340
1.470;PRODUTO 1470;293;4;0,0;5,86;8,00;0,000;6,000;7;D;0,0000;0,000
1.473;PRODUTO 1473;333;4;4,0;29,00;39,90;0,000;1,000;9;D;0,0000;1,000
1.474;PRODUTO 1474;333;4;4,0;32,41;44,90;2,000;0,000;9;D;0,0000;1,000
1.475;PRODUTO 1475;333;4;4,0;27,90;40,90;0,000;0,000;9;D;0,0000;1,000
1.476;PRODUTO 1476;240;4;0,0;14,89;18,70;3,000;0,000;7;D;0,0000;0,400
1.490;PRODUTO 1490;387;4;0,0;11,00;14,50;10,000;0,000;9;D;0,0000;1,000
1.491;PRODUTO 1491;394;4;0,0;1,61;2,50;8,000;15,000;7;D;0,0000;0,600
1.492;PRODUTO 1492;394;4;0,0;1,50;2,50;7,000;183,000;7;D;0,0000;0,600
1.493;PRODUTO 1493;294;1;18,0;15,00;20,00;0,000;0,270;11;C;0,0000;0,000
1.504;PRODUTO 1504;312;4;0,0;7,95;10,50;5,000;58,000;7;D;0,0000;0,120
1.506;PRODUTO 1506;312;4;0,0;8,00;10,50;8,000;43,000;7;D;0,0000;0,120
1.508;PRODUTO 1508;267;4;0,0;7,20;9,50;0,000;15,000;7;D;0,0000;0,220
1.510;PRODUTO 1510;312;4;0,0;6,00;8,00;0,000;0,000;7;D;0,0000;0,160
1.511;PRODUTO 1511;4;1;0,0;13,00;18,90;16,000;0,000;-1;C;0,0000;0,000
1.513;PRODUTO 1513;312;4;0,0;6,47;8,50;0,000;0,000;7;D;0,0000;0,160
1.526;PRODUTO 1526;312;4;;9,21;11,80;5,000;100,000;7;C;0,0000;0,180
1.611;PRODUTO 1611;272;4;18,0;6,13;8,00;2,000;21,000;7;D;0,0000;0,000
1.616;PRODUTO 1616;2;4;12,0;15,90;19,90;4,000;3,000;7;D;0,0000;0,450
1.709;PRODUTO 1709;311;1;0,0;49,00;68,90;0,000;0,000;-1;D;0,0000;0,000
1.717;PRODUTO 1717;21;6;18,0;13,00;16,50;2,000;0,000;5;D;0,0000;0,420
1.719;PRODUTO 1719;99;1;18,0;85,00;112,00;0,000;0,000;2;D;0,0000;0,000
1.746;PRODUTO 1746;;4;0,0;2,94;4,00;1,000;5,000;7;D;0,0000;0,000
1.771;PRODUTO 1771;7;1;0,0;39,00;62,90;6,000;0,000;-2;C;0,0000;0,000
1.793;PRODUTO 1793;4;4;0,0;10,20;11,50;5,000;9,000;2;C;;0,380
1.800;PRODUTO 1800;328;4;0,0;25,60;32,00;0,000;0,000;5;D;0,0000;0,000
1.808;PRODUTO 1808;7;4;0,0;5,70;7,50;28,000;62,000;1;C;0,0000;0,270
1.838;PRODUTO 1838;240;4;0,0;5,79;7,50;7,000;3,000;7;D;0,0000;0,450
1.869;PRODUTO 1869;99;1;0,0;30,00;41,90;0,000;0,000;-1;D;0,0000;0,000
1.871;PRODUTO 1871;333;4;4,0;22,40;29,20;0,000;1,327;9;D;0,0000;1,000
1.872;PRODUTO 1872;294;4;0,0;12,10;15,50;2,000;8,000;7;D;0,0000;0,205
1.899;PRODUTO 1899;240;4;0,0;10,89;14,20;8,000;3,000;7;D;0,0000;0,500
1.901;PRODUTO 1901;387;4;0,0;30,90;38,90;0,000;0,000;7;D;0,0000;0,350
1.902;PRODUTO 1902;387;4;0,0;30,80;38,90;0,000;0,000;7;D;0,0000;0,350
1.903;PRODUTO 1903;294;1;18,0;8,20;30,00;2,000;14,892;7;D;0,0000;
1.905;PRODUTO 1905;60;4;0,0;12,32;14,50;4,000;3,000;8;C;0,0000;1,050
1.914;PRODUTO 1914;333;4;4,0;31,90;51,90;0,000;0,000;9;D;0,0000;1,000
1.915;PRODUTO 1915;333;4;4,0;45,28;59,90;0,000;2,000;9;D;0,0000;1,000
1.916;PRODUTO 1916;333;4;4,0;48,68;69,90;0,000;10,000;9;D;0,0000;1,000
1.917;PRODUTO 1917;48;4;18,0;30,25;39,50;2,000;6,000;5;D;0,0000;0,000
1.918;PRODUTO 1918;333;4;4,0;47,00;69,90;0,000;13,000;9;D;0,0000;1,000
1.919;PRODUTO 1919;333;4;4,0;40,25;53,00;0,000;0,000;9;D;0,0000;1,000
1.920;PRODUTO 1920;333;4;4,0;48,68;69,90;0,000;12,000;9;D;0,0000;1,000
1.921;PRODUTO 1921;333;4;4,0;31,27;54,50;0,000;3,000;9;D;0,0000;1,200
1.922;PRODUTO 1922;333;4;4,0;27,00;39,90;0,000;0,000;9;D;0,0000;1,000
1.923;PRODUTO 1923;333;4;0,0;39,90;50,90;0,000;0,000;9;D;0,0000;1,200
1.945;PRODUTO 1945;19;4;18,0;9,75;12,70;3,000;16,000;7;C;0,0000;0,510
1.947;PRODUTO 1947;294;1;18,0;31,00;62,50;4,000;50,470;10;C;0,0000;
1.948;PRODUTO 1948;48;4;0,0;10,10;15,00;6,000;6,000;5;C;0,0000;0,500
1.949;PRODUTO 1949;48;4;0,0;13,00;18,00;4,000;2,000;5;C;0,0000;0,350
1.960;PRODUTO 1960;393;4;12,0;42,65;55,40;0,000;7,000;9;D;0,0000;2,000
1.961;PRODUTO 1961;393;4;12,0;43,09;55,90;0,000;17,000;9;D;0,0000;1,000
1.962;PRODUTO 1962;393;4;12,0;43,09;55,90;0,000;21,000;9;D;0,0000;1,000
1.963;PRODUTO 1963;393;4;12,0;27,65;35,90;2,000;0,000;9;D;0,0000;1,000
1.964;PRODUTO 1964;393;4;12,0;54,20;69,90;0,000;9,000;9;C;0,0000;1,000
1.965;PRODUTO 1965;393;4;12,0;41,00;55,50;0,000;0,000;9;D;0,0000;1,500
1.966;PRODUTO 1966;393;4;12,0;27,93;35,90;2,000;1,000;9;D;0,0000;1,000
1.967;PRODUTO 1967;393;4;12,0;43,00;55,90;2,000;6,000;9;D;0,0000;1,000
1.968;PRODUTO 1968;393;4;12,0;56,44;76,90;0,000;5,000;9;D;0,0000;1,000
1.969;PRODUTO 1969;393;4;12,0;56,56;76,90;0,000;2,000;9;D;0,0000;1,000
1.970;PRODUTO 1970;393;4;12,0;21,36;31,90;0,000;2,000;9;D;0,0000;1,000
1.971;PRODUTO 1971;393;4;12,0;20,54;31,90;0,000;7,000;9;D;0,0000;1,000
1.972;PRODUTO 1972;243;4;18,0;8,00;11,00;4,000;24,000;7;D;0,0000;0,510
1.973;PRODUTO 1973;243;4;18,0;7,95;11,00;5,000;28,000;7;C;0,0000;0,510
1.974;PRODUTO 1974;279;4;0,0;8,00;9,90;12,000;189,000;11;D;0,0000;0,510
1.975;PRODUTO 1975;311;4;0,0;19,22;23,00;2,000;12,000;5;D;0,0000;2,000
1.976;PRODUTO 1976;311;4;0,0;13,76;15,90;6,000;25,000;5;C;0,0000;1,050
1.978;PRODUTO 1978;21;4;0,0;15,50;20,50;8,000;40,000;1;C;0,0000;0,530
1.979;PRODUTO 1979;401;4;0,0;19,20;23,50;9,000;96,000;7;C;0,0000;0,670
1.980;PRODUTO 1980;401;4;0,0;11,50;15,20;8,000;175,000;7;C;0,0000;0,276
1.981;PRODUTO 1981;294;1;18,0;86,00;130,00;0,000;0,706;10;C;0,0000;0,000
1.982;PRODUTO 1982;243;5;18,0;10,00;11,00;3,000;20,000;7;D;0,0000;0,500
1.983;PRODUTO 1983;243;4;18,0;16,25;21,50;2,000;20,000;7;C;0,0000;0,510
1.990;PRODUTO 1990;10;1;0,0;39,00;55,90;0,000;0,000;-1;D;0,0000;0,000
1.997;PRODUTO 1997;318;1;0,0;67,00;100,50;0,000;0,000;1;D;0,0000;0,000
1.998;PRODUTO 1998;387;4;0,0;32,00;36,50;0,000;0,000;7;D;0,0000;0,250
1.999;PRODUTO 1999;366;4;0,0;29,30;34,50;0,000;0,000;7;D;0,0000;0,600
2.000;PRODUTO 2000;243;4;18,0;9,31;11,00;7,000;35,000;7;C;0,0000;0,510
2.001;PRODUTO 2001;328;4;0,0;21,00;28,00;0,000;0,000;5;C;0,0000;0,510
2.005;PRODUTO 2005;48;4;0,0;20,75;27,00;0,000;0,000;5;D;0,0000;0,600
2.008;PRODUTO 2008;240;4;0,0;6,29;8,20;0,000;0,000;7;D;0,0000;0,140
2.009;PRODUTO 2009;240;4;0,0;3,50;4,60;0,000;10,000;7;D;0,0000;0,000
2.012;PRODUTO 2012;328;4;0,0;17,00;22,50;4,000;18,000;5;C;0,0000;0,570
2.020;PRODUTO 2020;240;4;0,0;7,98;10,40;2,000;11,000;7;D;0,0000;0,320
2.022;PRODUTO 2022;37;4;18,0;3,61;5,00;13,000;55,000;7;C;0,0000;0,065
2.024;PRODUTO 2024;392;4;0,0;18,40;26,50;6,000;10,000;5;D;0,0000;0,510
2.027;PRODUTO 2027;199;4;12,0;8,30;9,90;21,000;12,000;7;C;0,0000;2,050
2.031;PRODUTO 2031;392;4;0,0;21,10;28,00;0,000;0,000;5;D;0,0000;0,510
2.033;PRODUTO 2033;392;4;0,0;12,40;16,50;6,000;3,000;5;C;0,0000;0,510
2.034;PRODUTO 2034;392;4;0,0;14,40;18,50;6,000;9,000;5;C;0,0000;0,510
2.035;PRODUTO 2035;392;4;0,0;18,60;25,50;0,000;1,000;5;C;0,0000;0,000
2.036;PRODUTO 2036;392;4;0,0;18,40;26,50;0,000;0,000;5;D;0,0000;0,510
2.040;PRODUTO 2040;311;4;0,0;18,00;23,40;8,000;25,000;5;D;0,0000;0,320
2.041;PRODUTO 2041;428;1;18,0;29,50;39,90;7,000;5,299;1;C;0,0000;0,000
2.042;PRODUTO 2042;428;4;18,0;9,80;12,80;5,000;17,000;1;C;0,0000;0,250
2.043;PRODUTO 2043;21;4;0,0;13,00;16,50;2,000;0,000;5;D;0,0000;0,000
2.046;PRODUTO 2046;358;4;0,0;10,80;14,05;0,000;0,000;5;C;0,0000;1,055
2.048;PRODUTO 2048;392;4;0,0;31,10;37,20;0,000;0,000;5;D;0,0000;0,510
2.052;PRODUTO 2052;48;4;0,0;23,00;29,90;3,000;4,000;5;D;0,0000;0,550
2.054;PRODUTO 2054;21;4;0,0;15,90;16,90;3,000;0,000;5;C;0,0000;0,200
2.055;PRODUTO 2055;392;4;0,0;17,60;26,50;2,000;0,000;5;D;0,0000;0,510
2.059;PRODUTO 2059;294;1;0,0;38,00;49,50;2,000;1288,000;7;C;0,0000;
2.061;PRODUTO 2061;293;4;18,0;2,47;3,50;0,000;0,000;7;D;0,0000;0,510
2.063;PRODUTO 2063;240;4;0,0;9,89;12,90;3,000;4,000;7;D;0,0000;0,500
2.064;PRODUTO 2064;240;4;0,0;5,59;8,00;4,000;6,000;7;D;0,0000;0,350
2.065;PRODUTO 2065;240;4;0,0;7,99;10,50;2,000;0,000;7;D;0,0000;0,270
2.077;PRODUTO 2077;392;4;0,0;19,70;25,50;0,000;0,000;5;D;0,0000;0,510
2.078;PRODUTO 2078;294;4;0,0;49,00;62,50;0,000;4,000;7;D;0,0000;1,010
2.079;PRODUTO 2079;335;4;0,0;39,20;49,00;0,000;0,000;7;D;0,0000;1,050
2.080;PRODUTO 2080;293;4;0,0;3,80;4,20;31,000;26,000;7;D;0,0000;1,010
2.083;PRODUTO 2083;418;4;18,0;22,00;26,50;0,000;12,000;4;D;0,0000;0,300
2.086;PRODUTO 2086;416;4;18,0;12,55;15,70;2,000;0,000;2;D;0,0000;0,300
2.087;PRODUTO 2087;399;4;18,0;5,90;7,70;5,000;27,000;7;D;0,0000;0,500
2.088;PRODUTO 2088;399;4;18,0;11,40;14,50;3,000;38,000;7;D;0,0000;1,000
2.089;PRODUTO 2089;399;4;18,0;11,00;13,90;5,000;0,000;7;D;0,0000;1,000
2.090;PRODUTO 2090;243;4;0,0;13,00;16,90;2,000;0,000;7;C;0,0000;0,080
2.091;PRODUTO 2091;243;4;0,0;21,70;29,00;5,000;6,000;7;C;0,0000;0,120
2.092;PRODUTO 2092;335;4;0,0;26,40;33,00;4,000;0,000;5;D;0,0000;0,550
2.093;PRODUTO 2093;267;4;0,0;79,00;105,00;3,000;23,000;5;D;0,0000;0,815
2.094;PRODUTO 2094;335;4;0,0;21,60;27,00;3,000;0,000;5;D;0,0000;0,500
2.095;PRODUTO 2095;335;4;0,0;40,80;51,00;2,000;1,000;5;D;0,0000;1,000
2.097;PRODUTO 2097;146;4;0,0;9,20;14,90;7,000;1,000;7;C;0,0000;0,085
2.100;PRODUTO 2100;2;4;0,0;5,00;8,00;250,000;233,000;7;D;0,0000;0,000
2.101;PRODUTO 2101;2;4;0,0;5,50;9,00;3,000;0,000;7;D;0,0000;0,000
2.102;PRODUTO 2102;296;4;0,0;16,30;21,50;0,000;5,000;8;C;0,0000;0,444
2.107;PRODUTO 2107;146;4;0,0;33,75;43,85;2,000;14,000;7;C;0,0000;0,400
2.108;PRODUTO 2108;146;4;0,0;16,50;21,50;6,000;0,000;7;C;0,0000;0,200
2.109;PRODUTO 2109;146;4;0,0;43,50;57,00;2,000;0,000;7;C;0,0000;0,500
2.110;PRODUTO 2110;243;4;0,0;11,40;14,90;4,000;2,000;8;D;0,0000;0,370
2.111;PRODUTO 2111;332;4;0,0;13,50;17,70;4,000;25,000;5;C;0,0000;1,005
2.115;PRODUTO 2115;333;4;4,0;37,00;49,90;0,000;0,000;9;D;0,0000;1,000
2.120;PRODUTO 2120;240;4;0,0;9,89;12,90;0,000;8,000;7;D;0,0000;0,500
2.122;PRODUTO 2122;294;1;18,0;63,00;89,90;3,000;10,520;7;C;0,0000;
2.140;PRODUTO 2140;403;4;0,0;26,83;52,50;0,000;4,000;9;C;0,0000;1,500
2.202;PRODUTO 2202;311;4;18,0;14,61;18,90;2,000;0,000;5;C;0,0000;0,000
2.204;PRODUTO 2204;294;4;0,0;17,00;22,10;5,000;79,000;7;C;0,0000;0,150
2.207;PRODUTO 2207;272;4;0,0;5,95;8,00;2,000;8,000;9;D;0,0000;1,085
2.208;PRODUTO 2208;340;4;0,0;9,00;12,50;2,000;11,000;7;D;0,0000;0,400
2.210;PRODUTO 2210;340;4;0,0;9,50;12,50;2,000;0,000;7;D;0,0000;0,400
2.213;PRODUTO 2213;240;4;0,0;6,99;9,10;5,000;4,000;7;D;0,0000;0,500
2.218;PRODUTO 2218;243;4;18,0;8,00;11,00;4,000;18,000;7;C;0,0000;0,510
2.219;PRODUTO 2219;46;4;0,0;8,74;12,90;0,000;0,000;7;D;0,0000;0,300
2.221;PRODUTO 2221;46;4;0,0;13,25;17,50;2,000;23,000;7;C;0,0000;0,400
2.222;PRODUTO 2222;46;1;18,0;12,00;16,90;4,000;31,842;8;C;0,0000;7,200
2.227;PRODUTO 2227;243;4;18,0;16,25;21,50;2,000;18,000;7;D;0,0000;0,500
2.229;PRODUTO 2229;312;4;;9,21;11,80;6,000;63,000;7;C;0,0000;0,180
2.230;PRODUTO 2230;340;4;0,0;8,50;12,50;6,000;9,000;7;D;0,0000;0,400
2.231;PRODUTO 2231;240;4;0,0;5,89;7,95;0,000;0,000;7;D;0,0000;0,000
2.232;PRODUTO 2232;240;4;0,0;10,29;13,40;0,000;0,000;7;D;0,0000;0,000
2.234;PRODUTO 2234;366;4;0,0;29,00;34,50;0,000;0,000;5;D;0,0000;0,550
2.235;PRODUTO 2235;366;4;0,0;29,00;34,50;0,000;0,000;5;D;0,0000;0,550
2.236;PRODUTO 2236;366;4;0,0;29,00;34,50;0,000;0,000;5;D;0,0000;0,550
2.237;PRODUTO 2237;366;4;0,0;29,00;34,50;0,000;0,000;5;D;0,0000;0,550
2.238;PRODUTO 2238;366;4;0,0;29,00;34,50;0,000;0,000;5;D;0,0000;0,550
2.239;PRODUTO 2239;366;4;0,0;29,00;34,50;0,000;0,000;5;D;0,0000;0,550
2.240;PRODUTO 2240;366;4;0,0;29,00;34,50;0,000;0,000;5;D;0,0000;0,550
2.241;PRODUTO 2241;366;4;0,0;29,00;34,50;0,000;0,000;5;D;0,0000;0,550
2.242;PRODUTO 2242;366;4;0,0;29,00;34,50;0,000;0,000;5;D;0,0000;0,550
2.244;PRODUTO 2244;366;4;0,0;29,00;34,50;0,000;0,000;5;D;0,0000;0,550
2.246;PRODUTO 2246;366;4;0,0;29,00;34,50;0,000;0,000;5;D;0,0000;550,000
2.247;PRODUTO 2247;398;4;12,0;7,40;9,65;2,000;0,000;1;D;0,0000;0,250
2.251;PRODUTO 2251;335;4;0,0;14,40;21,00;2,000;11,000;5;C;0,0000;0,000
2.252;PRODUTO 2252;311;1;18,0;29,00;41,90;0,000;0,000;2;D;0,0000;0,000
2.258;PRODUTO 2258;328;4;0,0;21,00;28,00;2,000;2,000;7;C;0,0000;0,500
2.259;PRODUTO 2259;240;4;0,0;10,89;14,20;0,000;7,000;7;D;0,0000;0,500
2.260;PRODUTO 2260;362;4;0,0;7,59;9,85;4,000;122,000;7;D;0,0000;0,000
2.263;PRODUTO 2263;340;4;0,0;7,20;10,50;2,000;1,000;7;D;0,0000;0,000
2.264;PRODUTO 2264;240;4;0,0;1,99;3,50;4,000;16,000;7;D;0,0000;0,030
2.268;PRODUTO 2268;424;4;12,0;12,10;15,75;0,000;4,000;7;C;0,0000;0,540
2.269;PRODUTO 2269;99;1;0,0;60,90;84,90;3,000;9,630;2;C;0,0000;0,000
2.270;PRODUTO 2270;231;4;0,0;5,50;7,50;0,000;3,000;2;C;0,0000;0,240
2.272;PRODUTO 2272;424;4;12,0;14,40;16,90;3,000;27,000;7;C;0,0000;0,336
2.273;PRODUTO 2273;424;4;12,0;12,10;15,75;2,000;6,000;7;C;0,0000;0,540
2.274;PRODUTO 2274;424;4;12,0;5,80;8,50;16,000;78,000;7;C;0,0000;0,282
2.282;PRODUTO 2282;424;4;12,0;0,90;1,50;26,000;317,000;7;C;0,0000;0,018
2.283;PRODUTO 2283;294;1;18,0;15,00;23,50;8,000;18,284;7;C;0,0000;0,000
2.287;PRODUTO 2287;21;4;0,0;20,63;26,00;5,000;9,000;1;C;0,0000;0,456
2.292;PRODUTO 2292;335;4;0,0;25,20;31,50;7,000;7,000;5;D;0,0000;0,500
2.293;PRODUTO 2293;335;4;0,0;27,20;34,00;7,000;11,000;5;D;0,0000;0,500
2.294;PRODUTO 2294;335;4;0,0;25,20;31,50;5,000;9,000;5;D;0,0000;0,500
2.295;PRODUTO 2295;335;4;0,0;24,80;31,00;2,000;0,000;5;D;0,0000;0,500
2.297;PRODUTO 2297;335;4;0,0;21,60;27,00;7,000;2,000;5;D;0,0000;0,600
2.298;PRODUTO 2298;335;4;0,0;21,60;27,00;7,000;18,000;5;D;0,0000;0,600
2.299;PRODUTO 2299;335;4;0,0;24,00;30,00;7,000;17,000;5;D;0,0000;0,600
2.301;PRODUTO 2301;396;4;0,0;49,90;62,50;0,000;0,000;9;D;0,0000;1,100
2.302;PRODUTO 2302;396;4;0,0;49,90;62,50;0,000;3,000;9;D;0,0000;1,100
2.303;PRODUTO 2303;396;4;0,0;49,90;62,50;0,000;1,000;9;D;0,0000;1,100
2.304;PRODUTO 2304;396;4;0,0;49,90;62,50;0,000;2,000;9;D;0,0000;1,100
2.305;PRODUTO 2305;396;4;0,0;49,90;62,50;0,000;0,000;9;D;0,0000;1,100
2.306;PRODUTO 2306;396;4;0,0;49,90;62,50;0,000;5,000;9;D;0,0000;1,100
2.307;PRODUTO 2307;396;4;0,0;49,90;62,50;0,000;1,000;9;D;0,0000;1,100
2.308;PRODUTO 2308;393;4;12,0;25,17;35,00;0,000;13,000;9;D;0,0000;0,500
2.309;PRODUTO 2309;333;4;25,0;54,96;68,80;0,000;4,000;9;D;0,0000;1,000
2.310;PRODUTO 2310;333;4;4,0;65,90;82,30;0,000;1,000;9;D;0,0000;1,000
2.311;PRODUTO 2311;333;4;4,0;65,90;82,30;0,000;1,000;9;D;0,0000;1,000
2.312;PRODUTO 2312;333;4;4,0;39,45;51,90;0,000;0,000;9;D;0,0000;1,000
2.313;PRODUTO 2313;396;4;0,0;49,90;62,50;0,000;2,000;9;D;0,0000;1,000
2.314;PRODUTO 2314;393;4;12,0;52,20;76,90;0,000;1,000;9;D;0,0000;1,000
2.315;PRODUTO 2315;393;4;12,0;42,65;55,90;0,000;7,000;9;D;0,0000;1,000
2.316;PRODUTO 2316;393;4;12,0;43,00;55,90;0,000;23,000;9;D;0,0000;1,000
2.317;PRODUTO 2317;393;4;12,0;52,20;68,00;0,000;1,000;9;D;0,0000;1,000
2.318;PRODUTO 2318;393;4;12,0;24,80;35,60;0,000;0,000;9;D;0,0000;1,000
2.319;PRODUTO 2319;393;4;12,0;25,84;35,90;0,000;2,000;9;D;0,0000;1,000
2.320;PRODUTO 2320;393;4;12,0;42,65;72,60;0,000;3,000;9;D;0,0000;1,000
2.321;PRODUTO 2321;393;4;12,0;21,36;31,90;0,000;2,000;9;D;0,0000;1,000
2.322;PRODUTO 2322;393;4;12,0;21,36;31,90;0,000;3,000;9;D;0,0000;1,000
2.323;PRODUTO 2323;393;4;12,0;18,00;31,90;0,000;1,000;9;D;0,0000;1,000
2.324;PRODUTO 2324;377;4;12,0;46,50;60,40;0,000;8,000;9;D;0,0000;1,500
2.325;PRODUTO 2325;272;4;0,0;7,23;9,50;5,000;13,000;7;D;0,0000;1,100
2.326;PRODUTO 2326;393;4;12,0;58,04;69,60;0,000;4,000;9;C;0,0000;1,500
2.327;PRODUTO 2327;393;2;12,0;27,63;35,90;2,000;4,000;9;D;0,0000;1,000
2.328;PRODUTO 2328;2;4;0,0;2,85;3,50;0,000;2,000;7;D;0,0000;0,332
2.329;PRODUTO 2329;2;4;0,0;2,85;3,50;0,000;0,000;7;D;0,0000;0,332
2.330;PRODUTO 2330;333;4;4,0;30,89;40,50;0,000;0,000;9;D;0,0000;1,200
2.331;PRODUTO 2331;333;4;4,0;30,89;40,50;0,000;3,000;9;C;0,0000;1,200
2.332;PRODUTO 2332;333;4;4,0;67,00;88,90;0,000;4,000;9;C;0,0000;1,200
2.333;PRODUTO 2333;296;4;25,0;35,00;50,90;0,000;0,000;9;D;0,0000;1,500
2.334;PRODUTO 2334;393;4;12,0;49,83;64,90;0,000;3,000;9;D;0,0000;1,000
2.335;PRODUTO 2335;393;4;12,0;43,09;55,40;0,000;1,000;9;D;0,0000;1,200
2.336;PRODUTO 2336;431;4;25,0;17,50;41,90;0,000;6,000;9;C;0,0000;1,500
2.340;PRODUTO 2340;431;4;25,0;17,50;41,90;2,000;2,000;9;C;0,0000;1,500
2.341;PRODUTO 2341;294;1;18,0;40,00;48,00;2,000;13,508;10;C;0,0000;0,000
2.342;PRODUTO 2342;294;1;18,0;133,00;300,00;0,000;4,920;10;C;0,0000;0,000
2.343;PRODUTO 2343;294;1;18,0;61,00;120,00;0,000;8,830;10;C;0,0000;0,000
2.345;PRODUTO 2345;335;5;0,0;28,80;36,00;0,000;0,000;7;D;0,0000;0,500
2.347;PRODUTO 2347;333;4;4,0;23,09;31,90;0,000;0,000;9;D;0,0000;1,000
2.348;PRODUTO 2348;333;4;4,0;23,09;31,90;0,000;1,000;9;D;0,0000;1,000
2.349;PRODUTO 2349;333;4;4,0;43,24;57,90;0,000;0,000;9;D;0,0000;1,000
2.350;PRODUTO 2350;333;4;4,0;24,97;41,90;0,000;2,000;9;D;0,0000;1,000
2.351;PRODUTO 2351;403;3;25,0;28,29;37,90;0,000;4,000;9;C;0,0000;1,000
2.352;PRODUTO 2352;403;4;25,0;28,50;37,00;2,000;1,000;9;C;0,0000;0,660
2.353;PRODUTO 2353;403;4;25,0;55,00;71,50;0,000;1,000;9;C;0,0000;1,372
2.354;PRODUTO 2354;35;4;18,0;6,26;8,50;9,000;28,000;7;D;0,0000;0,200
2.355;PRODUTO 2355;35;4;18,0;6,26;8,50;11,000;6,000;7;D;0,0000;0,200
2.356;PRODUTO 2356;403;4;25,0;42,50;55,50;0,000;2,000;9;C;0,0000;1,234
2.357;PRODUTO 2357;403;4;25,0;42,50;55,50;0,000;1,000;9;C;0,0000;1,346
2.358;PRODUTO 2358;403;3;0,0;31,63;45,00;2,000;0,000;9;C;0,0000;1,500
2.359;PRODUTO 2359;403;3;0,0;31,63;45,00;0,000;0,000;9;C;0,0000;1,500
2.360;PRODUTO 2360;2;4;0,0;4,50;8,00;15,000;7,000;7;D;0,0000;0,130
2.361;PRODUTO 2361;272;4;0,0;9,10;11,90;2,000;11,000;9;C;0,0000;0,000
2.362;PRODUTO 2362;387;4;18,0;10,50;13,70;4,000;23,000;7;C;0,0000;0,400
2.363;PRODUTO 2363;387;4;18,0;8,50;13,70;2,000;47,000;7;C;0,0000;0,400
2.364;PRODUTO 2364;387;4;18,0;8,50;13,70;2,000;17,000;7;C;0,0000;0,400
2.365;PRODUTO 2365;387;4;0,0;11,50;17,00;3,000;23,000;7;C;0,0000;0,530
2.366;PRODUTO 2366;387;4;0,0;11,50;17,00;2,000;17,000;7;C;0,0000;0,500
2.367;PRODUTO 2367;387;4;0,0;13,00;21,00;0,000;24,000;7;C;0,0000;0,600
2.368;PRODUTO 2368;387;4;0,0;11,50;17,00;3,000;27,000;7;C;0,0000;
2.369;PRODUTO 2369;387;4;0,0;14,60;21,00;2,000;1,000;7;C;0,0000;0,600
2.370;PRODUTO 2370;387;4;0,0;17,00;23,50;2,000;0,000;8;D;0,0000;0,150
2.371;PRODUTO 2371;387;4;0,0;9,50;12,00;4,000;0,000;8;D;;0,250
2.372;PRODUTO 2372;387;4;0,0;5,00;6,50;0,000;0,000;8;D;0,0000;0,018
2.373;PRODUTO 2373;387;4;0,0;15,11;21,00;3,000;19,000;8;C;0,0000;0,000
2.374;PRODUTO 2374;387;0;0,0;13,50;21,00;2,000;26,000;0;C;0,0000;0,000
2.375;PRODUTO 2375;413;4;0,0;13,98;18,90;5,000;7,000;7;C;0,0000;0,320
2.376;PRODUTO 2376;;0;0,0;0,00;0,00;0,000;0,000;0;C;0,0000;0,000
2.377;PRODUTO 2377;413;4;0,0;14,43;18,90;4,000;7,000;7;D;0,0000;0,320
2.378;PRODUTO 2378;413;4;0,0;17,30;23,50;2,000;5,000;7;C;0,0000;0,320
2.379;PRODUTO 2379;413;4;0,0;9,62;13,50;3,000;8,000;7;D;0,0000;0,320
2.380;PRODUTO 2380;413;4;0,0;10,99;14,50;3,000;1,000;7;C;0,0000;0,320
2.382;PRODUTO 2382;46;4;0,0;20,42;23,90;3,000;1,000;8;C;0,0000;0,460
2.383;PRODUTO 2383;413;4;0,0;9,74;13,50;2,000;3,000;5;D;0,0000;0,250
2.384;PRODUTO 2384;294;1;18,0;17,00;35,50;0,000;4,856;10;C;0,0000;0,000
2.385;PRODUTO 2385;48;4;0,0;25,50;33,50;0,000;0,000;7;C;0,0000;0,460
2.386;PRODUTO 2386;272;4;0,0;6,13;8,00;2,000;5,000;7;C;0,0000;1,000
2.387;PRODUTO 2387;294;1;18,0;36,00;49,90;2,000;14,818;7;C;0,0000;0,000
2.390;PRODUTO 2390;393;4;12,0;58,90;76,90;0,000;0,000;9;D;0,0000;1,000
2.391;PRODUTO 2391;393;4;0,0;58,90;76,90;0,000;1,000;9;C;0,0000;1,000
2.392;PRODUTO 2392;393;4;0,0;56,44;76,90;0,000;1,000;9;D;0,0000;1,000
2.396;PRODUTO 2396;294;4;0,0;5,00;8,00;5,000;51,000;7;D;0,0000;0,050
2.398;PRODUTO 2398;403;3;0,0;22,34;31,90;2,000;0,000;9;C;0,0000;1,000
2.399;PRODUTO 2399;403;3;0,0;22,34;31,90;2,000;0,000;9;C;0,0000;1,000
2.400;PRODUTO 2400;403;3;0,0;42,48;55,50;2,000;0,000;9;C;0,0000;1,000
2.401;PRODUTO 2401;293;4;18,0;5,80;7,30;6,000;38,000;7;D;0,0000;0,070
2.402;PRODUTO 2402;406;4;0,0;16,00;21,50;0,000;0,000;1;D;0,0000;0,120
2.403;PRODUTO 2403;406;4;0,0;16,00;21,80;2,000;0,000;1;D;0,0000;0,120
2.404;PRODUTO 2404;406;4;0,0;16,00;19,00;0,000;0,000;1;D;0,0000;0,000
2.405;PRODUTO 2405;406;1;0,0;85,00;110,00;2,000;0,000;1;D;0,0000;0,000
2.406;PRODUTO 2406;406;1;0,0;110,00;130,00;0,000;0,000;1;D;0,0000;0,000
2.407;PRODUTO 2407;406;4;0,0;22,00;29,60;2,000;1,000;1;D;0,0000;0,300
2.408;PRODUTO 2408;335;4;0,0;38,40;51,00;0,000;2,000;5;C;0,0000;1,000
2.409;PRODUTO 2409;335;4;0,0;38,40;53,00;2,000;1,000;5;C;0,0000;1,000
2.410;PRODUTO 2410;335;4;0,0;42,40;53,00;2,000;2,000;5;C;0,0000;1,000
2.412;PRODUTO 2412;335;4;0,0;39,20;57,00;2,000;0,000;5;C;0,0000;1,000
2.413;PRODUTO 2413;416;4;;7,15;9,50;4,000;4,000;2;C;0,0000;0,105
2.414;PRODUTO 2414;416;4;;8,60;9,90;5,000;0,000;2;C;0,0000;0,105
2.415;PRODUTO 2415;416;1;18,0;84,00;109,50;0,000;0,000;2;C;0,0000;0,000
2.417;PRODUTO 2417;416;1;13,3;93,00;120,90;0,000;0,206;2;D;0,0000;0,000
2.418;PRODUTO 2418;416;1;;76,70;99,50;3,000;0,811;2;C;0,0000;0,000
2.422;PRODUTO 2422;416;4;18,0;22,42;28,90;2,000;2,000;2;C;0,0000;0,400
2.423;PRODUTO 2423;416;4;18,0;21,70;28,90;2,000;4,000;2;C;0,0000;0,400
2.425;PRODUTO 2425;416;1;18,0;20,54;26,50;0,000;0,000;7;D;0,0000;0,000
2.426;PRODUTO 2426;416;4;18,0;16,25;21,50;0,000;0,000;2;D;0,0000;0,430
2.427;PRODUTO 2427;416;4;18,0;16,60;21,60;0,000;0,000;2;C;0,0000;0,410
2.430;PRODUTO 2430;416;4;18,0;9,00;11,70;2,000;3,000;7;C;0,0000;0,110
2.431;PRODUTO 2431;243;4;18,0;16,25;21,50;2,000;40,000;7;D;0,0000;0,500
2.432;PRODUTO 2432;387;4;0,0;7,90;11,00;9,000;121,000;7;C;0,0000;0,114
2.433;PRODUTO 2433;416;4;;5,85;7,80;4,000;1,000;2;C;0,0000;0,105
2.434;PRODUTO 2434;416;4;18,0;13,40;17,50;0,000;0,000;2;C;0,0000;0,290
2.435;PRODUTO 2435;416;4;;7,70;8,80;2,000;0,000;2;D;0,0000;0,105
2.436;PRODUTO 2436;416;1;18,0;33,20;44,90;0,000;0,000;2;D;0,0000;0,000
2.437;PRODUTO 2437;294;4;0,0;0,50;1,00;5,000;0,000;8;C;0,0000;0,015
2.438;PRODUTO 2438;293;4;0,0;13,50;16,20;16,000;43,000;7;D;0,0000;0,550
2.439;PRODUTO 2439;191;4;12,0;24,00;28,80;6,000;11,000;1;C;0,0000;0,400
2.440;PRODUTO 2440;387;4;0,0;17,00;21,50;0,000;7,000;7;C;0,0000;0,320
2.441;PRODUTO 2441;387;4;0,0;17,50;22,00;0,000;12,700;7;C;0,0000;0,350
2.442;PRODUTO 2442;387;4;0,0;17,50;15,00;5,000;11,000;7;C;0,0000;0,350
2.443;PRODUTO 2443;387;4;0,0;17,50;22,00;2,000;25,000;7;C;0,0000;0,350
2.444;PRODUTO 2444;311;4;0,0;4,04;5,50;3,000;0,000;5;C;0,0000;0,310
2.448;PRODUTO 2448;387;4;0,0;2,20;3,50;60,000;57,000;8;C;0,0000;0,000
2.449;PRODUTO 2449;387;4;0,0;2,50;6,00;3,000;0,000;8;D;0,0000;0,000
2.450;PRODUTO 2450;398;1;12,0;51,50;66,95;2,000;0,000;1;C;0,0000;0,000
2.451;PRODUTO 2451;333;4;4,0;27,36;39,90;0,000;5,000;9;D;0,0000;1,000
2.452;PRODUTO 2452;409;4;0,0;1,80;2,50;9,000;32,000;7;C;0,0000;0,060
2.453;PRODUTO 2453;231;4;18,0;10,09;13,50;6,000;11,000;2;C;0,0000;0,400
2.454;PRODUTO 2454;199;4;0,0;1,45;2,00;5,000;85,000;7;C;0,0000;0,300
2.455;PRODUTO 2455;199;4;0,0;1,20;2,30;6,000;49,000;7;C;0,0000;0,300
2.456;PRODUTO 2456;199;4;0,0;1,50;2,30;0,000;27,000;7;C;0,0000;0,300
2.457;PRODUTO 2457;199;4;0,0;1,95;2,70;5,000;65,000;7;C;0,0000;0,300
2.458;PRODUTO 2458;424;4;12,0;5,70;7,50;4,000;8,000;8;D;0,0000;0,110
2.459;PRODUTO 2459;332;4;0,0;10,40;13,60;6,000;15,000;5;C;0,0000;0,460
2.460;PRODUTO 2460;4;4;0,0;29,16;34,90;2,000;0,000;5;D;0,0000;0,778
2.461;PRODUTO 2461;311;4;18,0;166,50;192,00;5,000;3,000;1;C;0,0000;15,000
2.462;PRODUTO 2462;311;4;18,0;15,61;20,90;10,000;54,000;5;C;0,0000;0,220
2.463;PRODUTO 2463;311;4;0,0;32,21;39,50;2,000;19,000;5;D;0,0000;0,300
2.464;PRODUTO 2464;46;4;0,0;13,00;16,90;0,000;0,000;8;C;0,0000;0,960
2.465;PRODUTO 2465;46;4;0,0;12,90;19,50;2,000;4,000;7;C;0,0000;1,000
2.466;PRODUTO 2466;199;4;0,0;1,95;2,30;2,000;47,000;7;C;0,0000;0,310
2.467;PRODUTO 2467;199;4;0,0;2,94;3,90;0,000;47,000;7;C;0,0000;0,200
2.468;PRODUTO 2468;333;4;4,0;27,36;39,90;0,000;5,000;9;D;0,0000;1,000
2.469;PRODUTO 2469;333;4;4,0;20,77;28,90;0,000;4,000;9;D;0,0000;0,700
2.470;PRODUTO 2470;333;4;4,0;36,59;48,90;2,000;1,000;9;D;0,0000;1,200
2.471;PRODUTO 2471;333;4;4,0;21,09;29,90;0,000;0,000;9;D;0,0000;1,200
2.472;PRODUTO 2472;333;4;4,0;21,09;29,90;0,000;3,000;9;D;0,0000;1,200
2.473;PRODUTO 2473;333;4;4,0;21,09;29,90;2,000;1,000;9;D;0,0000;1,200
2.474;PRODUTO 2474;333;4;4,0;38,34;52,50;0,000;3,000;9;D;0,0000;1,200
2.475;PRODUTO 2475;333;4;4,0;25,11;41,90;2,000;6,000;9;D;0,0000;1,200
2.476;PRODUTO 2476;333;4;4,0;19,75;29,90;0,000;3,000;9;D;0,0000;0,800
2.477;PRODUTO 2477;333;4;4,0;26,87;39,50;0,000;11,000;9;D;0,0000;0,800
2.478;PRODUTO 2478;37;4;18,0;5,32;7,20;6,000;21,000;7;C;0,0000;0,210
2.479;PRODUTO 2479;428;4;18,0;10,20;14,90;3,000;0,000;1;C;0,0000;0,500
2.480;PRODUTO 2480;243;4;0,0;12,50;21,70;28,000;114,000;7;C;0,0000;0,500
2.481;PRODUTO 2481;431;4;25,0;30,23;43,90;0,000;5,000;9;C;0,0000;1,500
2.482;PRODUTO 2482;431;4;25,0;30,23;43,90;0,000;4,000;9;C;0,0000;1,500
2.483;PRODUTO 2483;431;4;25,0;19,50;43,90;0,000;2,000;9;C;0,0000;1,500
2.484;PRODUTO 2484;431;4;25,0;19,90;43,90;0,000;5,000;9;C;0,0000;1,500
2.485;PRODUTO 2485;431;4;25,0;19,50;43,90;0,000;5,000;9;C;0,0000;1,500
2.486;PRODUTO 2486;431;4;25,0;19,50;43,90;2,000;2,000;9;C;0,0000;1,500
2.487;PRODUTO 2487;333;4;4,0;19,75;28,90;0,000;5,000;9;D;0,0000;0,700
2.500;PRODUTO 2500;416;4;0,0;7,60;9,90;4,000;4,000;7;C;0,0000;0,250
2.501;PRODUTO 2501;2;4;0,0;13,00;16,00;3,000;0,000;8;C;0,0000;0,156
2.502;PRODUTO 2502;267;4;0,0;18,75;24,00;0,000;16,000;7;C;0,0000;0,210
2.503;PRODUTO 2503;267;4;0,0;14,05;18,50;2,000;13,000;7;C;0,0000;0,210
2.510;PRODUTO 2510;2;4;0,0;;;0,000;0,000;8;C;0,0000;
2.520;PRODUTO 2520;2;4;0,0;13,70;17,80;2,000;6,000;8;C;0,0000;0,182
2.521;PRODUTO 2521;2;4;0,0;11,00;15,00;8,000;35,000;7;C;0,0000;0,230
2.525;PRODUTO 2525;410;4;0,0;18,00;23,50;2,000;11,000;5;C;0,0000;0,432
2.526;PRODUTO 2526;195;4;18,0;6,30;7,60;0,000;0,000;7;C;0,0000;1,042
2.527;PRODUTO 2527;435;4;4,0;19,50;25,50;5,000;17,000;7;C;0,0000;0,620
2.528;PRODUTO 2528;435;4;4,0;15,00;19,50;5,000;4,000;7;C;0,0000;0,260
2.529;PRODUTO 2529;435;4;4,0;19,00;24,70;5,000;5,000;7;C;0,0000;0,480
2.530;PRODUTO 2530;435;4;4,0;2,42;3,50;5,000;1,000;7;C;0,0000;0,065
2.531;PRODUTO 2531;435;4;4,0;14,00;18,20;5,000;2,000;7;C;0,0000;0,110
2.532;PRODUTO 2532;435;4;4,0;14,00;18,20;5,000;2,000;7;C;0,0000;0,105
2.533;PRODUTO 2533;435;4;4,0;15,00;19,50;5,000;1,000;7;C;0,0000;0,266
2.534;PRODUTO 2534;435;4;4,0;15,00;19,50;5,000;2,000;7;C;0,0000;0,266
2.535;PRODUTO 2535;435;4;4,0;15,00;19,50;5,000;1,000;7;C;0,0000;0,260
2.536;PRODUTO 2536;435;4;0,0;12,00;15,60;5,000;1,000;7;C;0,0000;0,078
2.537;PRODUTO 2537;294;1;18,0;45,00;69,00;2,000;3,192;7;C;0,0000;0,000
2.538;PRODUTO 2538;294;1;18,0;24,60;44,90;2,000;5,340;7;C;0,0000;0,000
2.539;PRODUTO 2539;387;4;0,0;4,00;5,50;3,000;4,000;8;C;0,0000;0,850
2.540;PRODUTO 2540;387;4;0,0;4,00;5,50;3,000;0,000;8;C;0,0000;0,085
2.541;PRODUTO 2541;294;1;18,0;47,50;75,90;0,000;3,645;10;C;0,0000;0,000
3.100;PRODUTO 3100;312;4;0,0;48,10;40,00;2,000;56,000;7;C;0,0000;1,100
3.102;PRODUTO 3102;416;4;18,0;11,63;15,10;3,000;0,000;2;C;0,0000;0,265
3.103;PRODUTO 3103;416;4;18,0;17,54;21,90;2,000;0,000;2;C;0,0000;0,315
3.105;PRODUTO 3105;387;4;0,0;15,10;21,00;0,000;7,000;8;C;0,0000;0,500
3.106;PRODUTO 3106;387;4;0,0;20,50;26,65;2,000;0,000;8;C;0,0000;0,000
3.107;PRODUTO 3107;51;4;0,0;13,30;17,30;3,000;0,000;8;D;0,0000;1,000
3.108;PRODUTO 3108;51;4;0,0;7,20;9,40;0,000;28,000;8;D;0,0000;0,402
3.109;PRODUTO 3109;424;4;12,0;8,67;11,30;5,000;16,000;8;C;0,0000;0,195
3.110;PRODUTO 3110;426;4;;1,25;2,50;6,000;69,000;9;D;0,0000;0,550
3.111;PRODUTO 3111;426;4;;1,85;2,50;4,000;92,000;9;D;0,0000;0,530
3.112;PRODUTO 3112;424;4;12,0;4,60;7,00;7,000;30,000;8;C;0,0000;0,156
3.113;PRODUTO 3113;424;4;;14,95;19,50;0,000;0,000;8;C;0,0000;0,542
3.115;PRODUTO 3115;424;4;12,0;6,95;8,50;6,000;8,000;8;C;0,0000;0,112
3.116;PRODUTO 3116;387;4;0,0;6,00;7,80;2,000;2,000;8;C;0,0000;0,000
3.117;PRODUTO 3117;387;4;0,0;22,00;29,60;3,000;0,000;8;C;0,0000;0,160
3.118;PRODUTO 3118;387;4;0,0;22,00;29,60;3,000;1,000;8;C;0,0000;0,160
3.119;PRODUTO 3119;340;4;0,0;8,30;11,00;2,000;11,000;7;D;0,0000;0,000
3.120;PRODUTO 3120;413;4;0,0;19,04;26,00;3,000;3,000;7;C;0,0000;0,330
